,cmt,0
0,"Ä‘Ã¢y lÃ  láº§n Ä‘áº§u tiÃªn mÃ¬nh mua son vÃ  cÅ©ng liá»u thá»­ mua son trÃªn máº¡ng. tháº¥y son ráº¥t lÃ  ok, lÃªn mÃ u khÃ¡ lÃ  Ä‘áº¹p, nhÆ°ng mÃ  khÃ´ng lÃ¬ láº¯m â˜¹ï¸","['Ä‘á»™ bá»n', 'MÃ u sáº¯c']"
1,"Son kem khÃ¡ lÃ¬, náº¿u trÃ´i gáº§n háº¿t váº«n Ä‘á»ƒ láº¡i base há»“ng. Thiáº¿t káº¿ son kem Ä‘Æ¡n giáº£n nhÆ°ng Ä‘áº¹p. Vá» cháº¥t thÃ¬ khÃ´ng bá»‹ bá»™t vÃ  náº·ng mÃ´i nhÆ° 1 sá»‘ dÃ²ng khÃ¡c, cháº¥t má»ng vÃ  má»‹n, tÃ´ khÃ´ng Ä‘á»ƒ lá»™ rÃ£nh mÃ´i mÃ  nÃ³ tiá»‡p vÃ o mÃ´i nhÆ° kiá»ƒu dÃ¹ng kem ná»n zi. MÃ u lÃªn Ä‘áº­m nÃªn cháº¯c chá»‰ cáº§n tÃ´ 1 láº§n Ä‘áº§u lÃ  Ä‘á»§","['káº¿t cáº¥u', 'Ä‘á»™ bá»n', 'MÃ u sáº¯c']"
2,"MÃ u lÃªn Ä‘áº¹p vÃ  sáº¯c nÃ©t, cháº¥t má»ng mÆ°á»›t k bá»‹ khÃ´ mÃ´i. LÃ¬ nhÃ , mÃ¬nh dÃ¹ng nÆ°á»›c tt tÃ¢á»· mÃ£i má»›i ra háº¿t. KhÃ¡ chim Æ°ng khi tÃ¬m Ä‘Æ°á»£c thá»i son Æ°ng Ã½","['káº¿t cáº¥u', 'Ä‘á»™ bá»n', 'MÃ u sáº¯c']"
3,"Äá» cá»­ nha. Mua Ä‘á»£t sale nÃªn cÃ³ 70k thui, mÃ¬nh chá»n mÃ u 1.5, ráº¥t há»£p vs da mÃ¬nh. Ship cá»±c nhanh. Äá»™ che phá»§ 80%, mÃ¬nh che Ä‘Æ°á»£c váº¿t thÃ¢m má»¥n, quáº§ng thÃ¢m máº¯t, váº¿t tÃ n nhang. CÃ²n ná»‘t ruá»“i, váº¿t má»¥n to thÃ¬ ko che Ä‘Æ°á»£c nha. MÃ¬nh dÆ°á»¡ng da xong, dÃ¹ng che khuyáº¿t Ä‘iá»ƒm xong Ä‘áº¿n kcn (cÅ©ng dÃ¹ng The Seam luÃ´n, cá»±c á»•n, Ä‘á»™ kiá»m dáº§u cá»±c tá»‘t) xong r phá»§ pháº¥n lÃªn, che Ä‘Æ°á»£c nhá»¯ng cÃ¡i mÃ¬nh muá»‘n che nha. (CÃ¡i nÃ y lÃ  mÃ¬n chá»‰ dÃ¹ng kcn thÃ´i chá»© chÆ°a cÃ³ lá»›p kem ná»n Ä‘Ã³ nha). Má»—i tá»™i mÃ¬nh tháº¥y Ä‘á»™ bÃ¡m ko Ä‘c á»•n láº¯m. NÃ³i chung cháº¥t lÆ°á»£ng so vá»›i giÃ¡ tiá»n nhÆ° tháº¿ + thÃªm cháº¿ Ä‘á»™c phá»¥c vá»¥ khÃ¡ch hÃ ng cá»§a tiki, mÃ¬nh cháº¥m 5 sao.","['váº­n chuyá»ƒn', 'giÃ¡', 'dá»‹ch vá»¥', 'Ä‘á»™ bá»n', 'MÃ u sáº¯c']"
4,"mÃ u Ä‘áº¹p, ráº¥t lÃ  lÃ¬ mÃ¹i khÃ´ng thÆ¡m láº¯m, Ä‘Ã³ng gÃ³i Ä‘áº¹p kÄ©","['Ä‘Ã³ng gÃ³i', 'mÃ¹i hÆ°Æ¡ng', 'Ä‘á»™ bá»n', 'MÃ u sáº¯c']"
5,"Son bÃ³ng mÃ¬nh khÃ¡ Æ°ng, mÃ u ko bá»‹ sáº¿n, set láº¡i trÃªn mÃ´i váº«n bÃ³ng nhÆ°ng cÃ³ chÃºt lÃ¬, ngÆ°á»i bÃ¡n giao hÃ ng nhanh","['váº­n chuyá»ƒn', 'Ä‘á»™ bá»n', 'MÃ u sáº¯c']"
6,"KHOÃC MÃ€U ÃO TÃM SÃŒM SIM, TRáº¨Y Há»˜I Táº¾T MEOW LUNG LINH ğŸ˜½

ğŸ’œ Chá»‘ng náº¯ng toÃ n diá»‡n vá»›i chá»‰ sá»‘ SPF50+, PA++++ giÃºp báº£o vá»‡ da khá»i cÃ¡c tÃ¡c  Ä‘á»™ng cá»§a tia UVA & UVB
ğŸ’œ Hiá»‡u chá»‰nh da vÃ ng, che phá»§ tá»± nhiÃªn, sÃ¡ng bá»«ng vÃ  há»“ng hÃ o
ğŸ’œ Ãnh tÃ­m lavender cÃ¹ng tinh cháº¥t ngá»c trai tinh khÃ´i táº¡o hiá»‡u á»©ng trong suá»‘t 3D, nÃ¢ng tone tá»± nhiÃªn, cho da báº¯t sÃ¡ng láº¥p lÃ¡nh
ğŸ’œ Chiáº¿t xuáº¥t tá»« Vitamin C vÃ  B3 há»— trá»£ kiá»m dáº§u, lÃ m dá»‹u da vÃ  dÆ°á»¡ng da sÃ¡ng má»‹n","['Ä‘á»™ bá»n', 'MÃ u sáº¯c']"
7,"Láº§n Ä‘áº§u mua má»¹ pháº©m bÃªn Tiki láº¡i cÃ³ áº¥n tÆ°á»£ng ráº¥t tá»‘t bÃªn Ä‘Ã¢y, Ä‘Ã³ng gÃ³i hÃ ng cÃ³ giáº¥y bao bÃªn ngoÃ i máº·c dÃ¹ khong pháº£i giáº¥y bong bÃ³ng nhÆ°ng váº«n ráº¥t an toÃ n. Em Ä‘áº·t cÃ¹ng lá» nÆ°á»›c táº©y trang ráº¥t sá»£ bá»‹ Ä‘á»• ra ngoÃ i nhÆ°ng váº«n khÃ´ng sao háº¿t. Vá» review chá»‘ng náº¯ng thÃ¬ máº·c dÃ¹ láº§n Ä‘áº§u mua á»Ÿ Tiki nhÆ°ng em Ä‘Ã£ dÃ¹ng Ä‘áº¿n lá» thá»© 2 rá»“i. texture cá»§a sáº£n pháº©m lÃ  dáº¡ng sá»¯a lá»ng tháº¥m khÃ¡ nhanh, bÃ´i lÃªn cÃ³ 1 lá»›p mÃ u tráº¯ng nháº¹ nháº¹ nhÆ°ng khÃ´ng pháº£i bá»‹ tráº¯ng nhÆ° kem chá»‘ng náº¯ng váº­t lÃ­, táº§m 1-2' lÃ  háº¿t ngay thÃ´i, sáº£n pháº©m nÃ y lÃ m lá»›p lÃ³t khÃ¡ tá»‘t, láº¡i kiá»m dáº§u ráº¥t á»•n ná»¯a","['Ä‘Ã³ng gÃ³i', 'káº¿t cáº¥u', 'Ä‘á»™ bá»n', 'MÃ u sáº¯c']"
8,"kcn kiá»m dáº§u tá»‘t,tháº¥m nhanh,khÃ´ng nhá»n rÃ­t, nháº¹ máº·t,tá»‡p mÃ u da,cá»±c ká»³ dá»… tÃ¡n,mÃ¹i thÆ¡m nháº¹ dá»… chá»‹u, khÃ´ng Ä‘á»ƒ láº¡i vá»‡t tráº¯ng, Ä‘Ã£ tÃ¬m Ä‘c chÃ¢n Ã¡i cho da siÃªu dáº§u nhÆ° m. M sáº½ mua láº¡i full size. Tuy nhiÃªn nÃªn dÃ¹ng sau bÆ°á»›c dÆ°á»¡ng da, cuá»‘i ngÃ y rá»­a sáº¡ch kcn Ä‘á»ƒ da khÃ´ng bá»‹ khÃ´ lÃ  OK.","['mÃ¹i hÆ°Æ¡ng', 'káº¿t cáº¥u', 'Ä‘á»™ bá»n', 'MÃ u sáº¯c']"
9,"Ä‘á»‘i vá»›i mÃ¬nh thÃ¬ nÃ³ khÃ¡ á»•n, Ä‘á»™ kiá»m dáº§u á»Ÿ má»©c trung bÃ¬nh, khÃ´ng tráº¯ng bá»‡ch nhiá»u cháº¥t kem cÃ³ mÃ u giá»‘ng kem ná»n Ã¡ cÃ¡i mÃ¹i cÅ©ng na nÃ¡ dá»‹ luÃ´n","['mÃ¹i hÆ°Æ¡ng', 'Ä‘á»™ bá»n', 'MÃ u sáº¯c']"
10,"Giao hÃ ng nhanh, Ä‘Ã³ng gÃ³i tá»‘t, Ä‘Ãºng máº«u.
Má»‹n, tuy nhiÃªn Ä‘á»™ lÃ¬ mÃ¬nh tháº¥y khÃ´ng quÃ¡ ""siÃªu"" nhÆ°ng váº«n cÃ²n bÃ¡m láº¡i lá»›p tint má» khÃ¡ á»•n.","['váº­n chuyá»ƒn', 'Ä‘Ã³ng gÃ³i', 'dá»‹ch vá»¥', 'Ä‘á»™ bá»n']"
11,"thÃ­ch nháº¥t lÃ  mÃ¹i hÃºng quáº¿ tÃ¢y thoang thoáº£ng dá»… chá»‹u. son dÆ°á»¡ng áº©m tá»‘t, khÃ´ng cÃ³ bá»‹ bÃ³ng dáº§u nhÆ° máº¥y loáº¡i khÃ¡c.","['mÃ¹i hÆ°Æ¡ng', 'Ä‘á»™ bá»n']"
12,"packing xinh , láº¡ , sang , cháº¥t son okla . lÃ¬ .k bá»‹ khÃ´ mÃ´i.","['Ä‘Ã³ng gÃ³i', 'káº¿t cáº¥u', 'Ä‘á»™ bá»n']"
13,"NhÆ° má»i ngÆ°á»i cÃ³ thá»ƒ tÃ¬m tháº¥y review sáº£n pháº©m trÃªn mxh thÃ¬ mÃ¬nh sáº½ khÃ´ng nÃ³i láº¡i, mÃ  nÃ³i vá» cháº¥t lÆ°á»£ng sáº£n pháº©m cá»§a shop thÃ¬ ráº¥t tá»‘t, mÃ£ váº¡ch check ra Ä‘Ã ng hoÃ ng, uy tÃ­n. MÃ  Ä‘Ãºng lÃ  sáº£n pháº©m nÃ y má»›i Ä‘áº§u xÃ i khÃ´ng quen, mÃ¹i hÆ¡i háº¯c Ã­ vÃ  da dáº§u mÃ¬nh kiá»ƒm chá»©ng lÃ  cÃ¡c báº¡n da dáº§u khÃ´ng nÃªn dÃ¹ng, táº¡i khÃ´ng Ä‘Æ°á»£c sáº¡ch vÃ  kiá»m dáº§u cÅ©ng khÃ´ng tá»‘t láº¯m. CÃ²n vá» pháº§n cháº¥t lÆ°á»£ng sáº£n pháº©m vÃ  tá»‘c Ä‘á»™ giao hÃ ng cá»§a Tiki thÃ¬ khÃ´ng chÃª vÃ o Ä‘Ã¢u Ä‘Æ°á»£c, nÃ³i Ä‘Ãºng ngÃ y 15 giao lÃ  15 giao Ä‘á»ƒ mai mÃ¬nh Ä‘i du lá»‹ch, mÃ¬nh cá»© cuá»‘ng cáº£ lÃªn mÃ  Tiki thÃ¬ lÃºc nÃ o cÅ©ng uy tÃ­n trong viá»‡c Ä‘Ãºng háº¹n, mÃª thiá»‡c chá»© ğŸ˜˜ NÃ³i chung lÃ  má»™t sáº£n pháº©m ráº¥t tá»‘t mÃ  má»i ngÆ°á»i nÃªn thá»­ ğŸ˜","['váº­n chuyá»ƒn', 'dá»‹ch vá»¥', 'mÃ¹i hÆ°Æ¡ng', 'Ä‘á»™ bá»n']"
14,"MÃ¬nh da hhtd, bá»‹ vÃ i cá»¥c má»¥n, nhÆ°ng xÃ i váº«n bth. TrÆ°á»›c mÃ¬nh hay xÃ i náº¯p vÃ ng mÃ  ko cÃ²n tháº¥y size lá»›n trÃªn má»i shop ná»¯a. MÃ¬nh xÃ i thá»­ loáº¡i nÃ y, tháº¥m khÃ¡ nhanh, hÆ¡i nÃ¢ng tÃ´ng da máº·t chÃºt, bÃ´i nhiá»u cÃ³ thá»ƒ bá»‹ tráº¯ng lá»‘ xÃ­ ğŸ˜‚ nhÆ°ng 1 há»“i nÃ³ bá»›t tráº¯ng, chá»‘ng náº¯ng khÃ¡ tá»‘t, mÃ¹i ko quÃ¡ ná»“ng. Kiá»m dáº§u dc táº§m 3 tiáº¿ng. MÃ¬nh nghÄ© náº¿u ko hoáº¡t Ä‘á»™ng hay á»Ÿ ngoÃ i náº¯ng, cÃ³ thá»ƒ lÃ¢u hÆ¡n.","['mÃ¹i hÆ°Æ¡ng', 'káº¿t cáº¥u', 'Ä‘á»™ bá»n']"
15,"MÃ¬nh Ä‘Ã£ dÃ¹ng anessa 3 nÄƒm nay ko Ä‘á»•i rá»“i. Cháº¥t kem kiá»m dáº§u ráº¥t tá»‘t, xá»‹t chá»‘ng náº¯ng mÃ¡t láº¯m. Dá»… sá»­ dá»¥ng vÃ  tiá»‡n lá»£i.",['Ä‘á»™ bá»n']
16,"NhÆ° á»Ÿ pháº§n gt sáº£n pháº©m thÃ¬ sá»¯a rá»­a máº·t nÃ y giÃºp kiá»m dáº§u nÃªn khi rá»­a xong máº·t sáº½ khÃ¡ khÃ´, máº¥y Ä‘á»©a máº·t cáº£ cháº­u dáº§u nhÆ° mÃ¬nh thÃ¬ tháº¥y ok láº¯m nha.",['Ä‘á»™ bá»n']
17,"Sáº£n pháº©m giá»‘ng nhÆ° quang cao. HÃ ng chÃ­nh hÃ£ng . Team Ä‘áº§y Ä‘á»§ nguyÃªn váº¹n. Shop tÆ° váº¥n nhiá»‡t tÃ¬nh, giao hÃ ng ráº¥t nhanh, Shipper giao hÃ ng thÃ¢n thiá»‡n. Cháº¥t lÆ°á»£ng sáº£n pháº©m tuyá»‡t vá»i kiá»m dáº§u ráº¥t tá»‘t, khÃ´ng báº¿t dÃ­nh.","['váº­n chuyá»ƒn', 'dá»‹ch vá»¥', 'káº¿t cáº¥u', 'Ä‘á»™ bá»n']"
18,Cáº£m tháº¥y chÃ¢n Ã¡i Ä‘Ã¢u quanh Ä‘Ã¢y. VÃ¬ DÃ¹ng nhiá»u loáº¡i rá»“i mÃ  váº«n ko hÃ i lÃ²ng vÃ¬ da dáº§u. Loáº¡i nÃ o BÃ´i lÃªn da dc 1lÃºc máº·t cÅ©ng bÃ³ng nháº©y tá»‘i sáº§m máº·t luÃ´n. Loáº¡i nÃ y bÃ´i lÃªn tá»›i chiá»u váº«n okla. Chá»‰ hÆ¡i tráº¯ng so vá»›i tÃ´ng da cá»§a mÃ¬nh nhÆ°ng cÃ¡i quan trá»ng vá»›i mÃ¬nh lÃ  kiá»m dáº§u Ä‘á»‰nh so vá»›i cÃ¡c loáº¡i trc mÃ¬nh dÃ¹ng,['Ä‘á»™ bá»n']
19,"Cháº¥t kem má»ng, nháº¹, thoÃ¡ng, kiá»m dáº§u tá»‘t, da dáº§u-há»—n há»£p dÃ¹ng ráº¥t há»£p. Báº£ng thÃ nh pháº§n oke, nhÆ°g cÃ³ slicone nÃªn ai mÃ  dá»‹ á»©g thÃ¬ ko nÃªn mua. GiÃ¡ quÃ¡ há»£p lÃ­ cho sv nhÆ° m","['giÃ¡', 'káº¿t cáº¥u', 'Ä‘á»™ bá»n']"
20,"cháº¥t lá»ng, tháº¥m nhanh, khi má»›i bÃ´i thÃ¬ cÃ³ mÃ¹i hÆ¡i khÃ³ chá»‹u nhÆ°ng nháº¹ thui vÃ  sáº½ máº¥t sau 1 2', kiá»m dáº§u á»•n, chá»‰ sÃ¡ng da lÃªn thui chá»© khÃ´ng nÃ¢ng tÃ´ng máº¥y. MÃ¬nh cÅ©ng má»›i sÃ i 1 láº§n nÃªn chÆ°a biáº¿t hiá»‡u quáº£ nhÆ° nÃ o. Nchung vá»›i giÃ¡ thÃ nh nÃ y thÃ¬ ráº¥t ok luÃ´n vÃ¬ kiá»m dáº§u á»•n cho máº¥y ngÆ°á»i da nhiá»u dáº§u nhÆ° mÃ¬nh","['giÃ¡', 'mÃ¹i hÆ°Æ¡ng', 'káº¿t cáº¥u', 'Ä‘á»™ bá»n']"
21,HÃ ng chuáº©n ráº¥t phÃ¹ há»£p vs da nháº¡y cáº£m kiá»m dáº§u. MÃ¬nh Ä‘Ã£ sd ráº¥t nhiá»u loáº¡i kcn nhÆ°ng loáº¡i nÃ y lÃ  Æ°ng nháº¥t nÃªn giá» chá»‰ dÃ¹ng loáº¡i nÃ y thÃ´i,"['dá»‹ch vá»¥', 'Ä‘á»™ bá»n']"
22,"tiki giao hÃ ng tá»‘c Ä‘á»™, 11h Ä‘áº·t thÃ¬ 16:30 cÃ¹ng ngÃ y nháº­n Ä‘Æ°á»£c hÃ ng r.
Skin aqua thÃ¬ mÃ¬nh dÃ¹ng n láº§n r, ráº», kiá»m dáº§u cáº£ ngÃ y, áº©m má»‹n, lÃªn tone nháº¹, chá»‘ng trÃ´i tá»‘t... láº§n nÃ y Ä‘áº·t 2 chai Ä‘ang giáº£m giÃ¡, r Ä‘Æ°á»£c free ship, tÃ­nh ra chá»‰ 140k cho 1 chai 55g.","['váº­n chuyá»ƒn', 'giÃ¡', 'káº¿t cáº¥u', 'Ä‘á»™ bá»n']"
23,"Há»“i trÆ°á»›c mÃ¬nh cÅ©ng dÃ¹ng sáº£n pháº©m cÅ©ng hÃ£ng nÃ y rá»“i tháº¥y ráº¥t ok, giá» cÃ³ phiÃªn báº£n má»›i cÅ©ng ráº¥t nhiá»‡t tÃ¬nh á»§ng há»™. Sáº£n pháº©m cÃ³ hÆ°Æ¡ng thÆ¡m hoa quáº£ nhÃ¨ nháº¹, káº¿t cáº¥u sáº£n pháº©m lá»ng tráº¯ng Ä‘á»¥c tháº¥m nhanh trÃªn da. ThÃ nh pháº§n cÃ²n giÃºp dÆ°á»¡ng da, giÃºp kiá»m dáº§u táº§m 4-5 tiáº¿ng Ä‘á»“ng há»“ phÃ¹ há»£p vá»›i da dáº§u. Má»i ngÆ°á»i cÃ³ thá»ƒ mua Ä‘á»ƒ tráº£i nghiá»‡m sáº£n pháº©m nha","['mÃ¹i hÆ°Æ¡ng', 'káº¿t cáº¥u', 'Ä‘á»™ bá»n', 'MÃ u sáº¯c']"
24,"Äá»ƒ cho cÃ´ng tÃ¢m thÃ¬ mÃ¬nh pháº£i nÃ³i lÃ  mÃ¬nh ráº¥t Æ°ng sáº£n pháº©m nÃ y. Tuy nhiÃªn 1* lÃ  dÃ nh cho dá»‹ch vá»¥ promotion cá»§a Anessa. MÃ¬nh tháº¥y giá»‘ng nhÆ° Anessa Ä‘ang lá»«a ngÆ°á»i mua hÃ ng, lÃ½ do:
- TrÆ°á»›c ngÃ y 6/6: Anessa quáº£ng cÃ¡o mua tuÃ½p kcn nÃ¢ng tÃ´ng vÃ o ngÃ y 6/6 thÃ¬ dc táº·ng lá» kcn kiá»m dáº§u. Äáº¿n sang ngÃ y 6/6 mÃ¬nh vÃ o mua thÃ¬ bÃ¡o táº¡m ngÆ°ng bÃ¡n
- NgÃ y 6/6 mÃ¬nh Ä‘áº·t mua bá»™ Ä‘Ã´i kcn kiá»m dáº§u giÃ¡ 625k vÃ  Anessa cÃ³ phiáº¿u giáº£m giÃ¡ 100k cho Ä‘Æ¡n hÃ ng giÃ¡ trá»‹ trÃªn 600k, tuy nhiÃªn k Ã¡p dá»¥ng dc. Há»i nhÃ¢n viÃªn cá»§a shop thÃ¬ nÃ³i lÃ  phiáº¿u cÃ³ HSD lÃ  7/6, tá»©c lÃ  ngÃ y 7/6 má»›i dÃ¹ng dc. Äáº¿n 7/6 mÃ¬nh mua thÃ¬ k tháº¥y mÃ£ Ä‘Ã¢u, nhÃ¢n viÃªn Anessa cá»© nÃ³i lÃ  do mÃ¬nh khÃ´ng Ä‘á»c ká»¹. Thá»±c sá»± tháº¥t vá»ng","['giÃ¡', 'dá»‹ch vá»¥', 'Ä‘á»™ bá»n']"
25,"Khok ráº¥t nhÃ¨o vÃ¬ khÃ´ng pháº£i tone up, may cÃ¡i da mÃ¬nh cÅ©ng táº¡m gá»i lÃ  tráº¯ng nÃªn Ä‘Ã¡nh pháº¥n kiá»m dáº§u ná»¯a cÅ©ng Ä‘Æ°á»£c rá»“i, mÃ  máº¥y loáº¡i kem chá»‘ng náº¯ng nÃ y vá» tÆ°Æ¡ng tÆ°Æ¡ng nhau Ä‘á»c khÃ´ng kÄ© sáº½ nháº§m mn chÃº Ã½ nha, cÃ²n cháº¥t ráº¥t lÃ  ok nhÃ©, mÃ¬nh thÃ­ch hÆ¡n cáº£ cÃ¡i cÃ³ tone up cÅ© cá»§a innisfree mÃ  mÃ¬nh tá»«ng xÃ i, mall nÃªn yÃªn tÃ¢m mua nhÃ©","['káº¿t cáº¥u', 'Ä‘á»™ bá»n']"
26,"Sáº£n pháº©m tá»‘t date má»›i hÃ ng chÃ­nh hÃ£ng ko cÃ³ trÃ´i ná»•i nhÆ° máº¥y shop trÃªn thá»‹ trÆ°á»ng, date má»›i
Äiá»ƒm cá»™ng lÃ  Tiki giao nhanh chÆ°a tá»›i 2H Ä‘Ã£ nháº­n Ä‘c thá»© 4 cÃ³ beauty club mÃ¬nh Ã¡p mÃ£ giáº£m cÃ²n cÃ³ 170k/ 8 miáº¿ng
Hiá»‡u quáº£ mask nÃ y thÃ¬ Ä‘áº¯p phÃª. Giáº£m sÆ°ng vÃ  má»¥n gom cÃ²i nhanh hÆ¡n. Kiá»m dáº§u mua dá»± trá»¯ Ä‘á»ƒ da Ä‘áº¹p Äƒn táº¿t thui kkkkkkğŸ¥³ cÃ²n hÆ¡n tuáº§n ná»¯a lÃ  táº¿t r mn Æ¡i","['váº­n chuyá»ƒn', 'giÃ¡', 'dá»‹ch vá»¥', 'Ä‘á»™ bá»n']"
27,Sáº£n pháº©m phÃ¹ há»£p vá»›i da dáº§u. Kháº£ nÄƒng kiá»m dáº§u ráº¥t tá»‘t. Se khÃ­t lá»— chÃ¢n lÃ´ng. Da máº·t tÆ°Æ¡i hÆ¡n. NÃªn dÃ¹ng 1 thÃ¡ng Ä‘á»ƒ tháº¥y rÃµ káº¿t quáº£. LÃºc Ã¡p lÃªn máº·t sáº½ cÃ³ cáº£m giÃ¡c chÃ¢m chÃ­ch da. Má»™t lÃºc sáº½ háº¿t. MÃ¹i thÃ¬ hÆ¡i khÃ³ chá»‹u cho nhá»¯ng ai má»›i dÃ¹ng. MÃ¬nh dÃ¹ng há»™p thá»© 4 rá»“i nÃªn quen. NÃªn káº¿t há»£p nhiá»u bÆ°á»›c dÆ°á»¡ng da Ä‘á»ƒ cÃ³ lÃ n da khoáº» Ä‘áº¹p. DÆ°á»¡ng cháº¥t trong da ráº¥t nhiá»u. MÃ¬nh dÃ¹ng cho cáº£ pháº§n cá»•.,"['mÃ¹i hÆ°Æ¡ng', 'Ä‘á»™ bá»n']"
28,"giao hÃ ng nhanh Ä‘áº§y Ä‘á»§ quÃ  táº·ng mÃ¬nh sá»­ dá»¥ng Ä‘c 1 thÃ¡ng r cÅ©ng tháº¥y kiá»m dáº§u khÃ¡ tá»‘t mÃ¹i sáº½ hÆ¡i ná»“ng vs nhá»¯ng báº¡n nháº¡y cáº£m vá»›i hÆ°Æ¡ng liá»‡u cÃ²n vs mÃ¬nh thÃ¬ ok, mÃ¬nh dÃ¹ng thÃ¬ ko tháº¥y kÃ­ch á»©ng gÃ¬ háº¿t máº¥y báº¡n nÃ o da dáº§u nÃªn thá»­ nha. Mua hÃ ng chÃ­nh hÃ£ng nÃªn cÅ©ng yÃªn tÃ¢m, mÃ¬nh sáº½ á»§ng há»™ tiáº¿p","['váº­n chuyá»ƒn', 'dá»‹ch vá»¥', 'mÃ¹i hÆ°Æ¡ng', 'Ä‘á»™ bá»n']"
29,"Kcn cá»§a La posay dÃ nh cho da dáº§u nÃªn bÃ´i lÃªn kiá»m dáº§u, khÃ´ rÃ¡o, khÃ´ng rÃ­t nhÆ° cÃ¡c lá»ai khÃ¡c ğŸ˜¬ Lá»ai má»›i dáº¡ng sá»¯a giá»‘ng cá»§a Sunplay áº¥y nhÆ°ng bÃ´i lÃªn khÃ´ nhanh láº¯m. Báº¡n nÃ o sá»£ vÃ³n cá»¥c hay Ä‘ang treatment da bong trÃ³c thÃ¬ cÃ³ thá»ƒ mix vá»›i kcn cá»§a Laneige Ä‘á»ƒ cÃ³ Ä‘á»™ áº©m, nhÃ¬n máº·t mÆ°á»›t hÆ¡n.","['káº¿t cáº¥u', 'Ä‘á»™ bá»n']"
30,"Chá»‰ sá»‘ chá»‘ng náº¯ng cao, thÃ­ch há»£p cho da dáº§u má»¥n, mÃ¬nh Ä‘Ã£ dÃ¹ng hÆ¡n 3 nÄƒm rá»“i , ráº¥t thÃ­ch sáº£n pháº©m nÃ y, chá»‘ng náº¯ng tá»‘t, kiá»m dáº§u tá»‘t",['Ä‘á»™ bá»n']
31,Kcn nÃ y ráº¥t xá»‹n . Kiá»m dáº§u Ä‘á»‰nh láº¯m. Tháº¥m nhanh . Dá»… tÃ¡n k dÃ­nh . Ráº¥t tá»‘t cháº¥t lÆ°á»£ng 1000000 Ä‘iá»ƒm ğŸ‘ğŸ»ğŸ‘ğŸ»ğŸ‘ğŸ»ğŸ‘ğŸ»ğŸ‘ğŸ»ğŸ‘ğŸ»,"['káº¿t cáº¥u', 'Ä‘á»™ bá»n']"
32,"Tiki giao nhanh dÃ¹ Ä‘ang giÃ£n cÃ¡ch xÃ£ há»™i. Kem chá»‘ng náº¯ng Anessa dÃ¹ng ráº¥t tá»‘t, chá»‘ng náº¯ng tá»‘t vÃ  kiá»m dáº§u á»•n. tuy nhiÃªn náº¿u dÃ­nh vÃ o máº¯t lÃºc rá»­a máº·t thÃ¬ hÆ¡i bá»‹ cay máº¯t Ã¡. Hsd cÃ²n dÃ i láº¯m tá»›i 2024 láº­n.","['váº­n chuyá»ƒn', 'dá»‹ch vá»¥', 'Ä‘á»™ bá»n']"
33,"ÄÃ£ nháº­n Ä‘áº§y Ä‘á»§ sp nhÆ° km: sá»¯a chá»‘ng náº¯ng kiá»m dáº§u Anessa chÃ­nh hÃ£ng. SÄƒn Ä‘c deal flash sale : 1+1 táº·ng thÃªm gel chá»‘ng náº¯ng full size luk 0h. GiÃ¡ há»i 975k Ä‘c 3 sp, má»›i sx t6, t7/22. Hsd 3 nÄƒm
Cháº¥t lÆ°á»£ng tá»‘t, Ä‘Ã£ mua láº¡i nhiá»u láº§n
Thanks!","['giÃ¡', 'dá»‹ch vá»¥', 'Ä‘á»™ bá»n']"
34,"NGÆ¯á»œI GIAO HÃ€NG: mÃ¬nh khÃ´ng há» chÃª mÃ¬nh Ä‘áº·c biá»‡t áº¥n tÆ°á»£ng tá»‘t vá»›i Ä‘á»™i ngÅ© giao hÃ ng bÃªn TIKI, cÅ©ng cÃ³ thá»ƒ tuyáº¿n Ä‘á»‹a chá»‰ giao hÃ ng cá»§a mÃ¬nh Ä‘á»u gáº·p cÃ¡c anh giao hÃ ng thÃ¢n thiá»‡n xá»‹n sÃ²

Sáº¢N PHáº¨M: mÃ¬nh Æ°ng nÃªn tháº¥y TIKI cÃ³ combo ráº» láº¡i táº·ng quÃ  ok á»•n Ã¡p nÃªn mua, tháº­t sá»± chia sáº» lÃ  TIKI cÃ³ deal nÃ y bÃªn nhÃ  Anessa cá»±c ká»³ á»•n thoáº£, mÃ¬nh cÃ³ lá»i khen vá»›i Ä‘á»™i ngÅ© há»£p tÃ¡c 2 bÃªn, Ä‘á»‰nh chÃ³p, khÃ´ng cáº§n bÃ n sáº£n pháº©m vÃ¬ mÃ¬nh xÃ i há»£p vad ráº¥t thÃ­ch, kiá»m dáº§u tá»‘t vÃ  cÃ³ tone up da nháº¹ Ä‘á»ƒ cáº£ ngÃ y khÃ´ng bá»‹ xuá»‘ng tone, da váº«n ráº¡ng ngá»i rÃ¡o má»‹n, cháº¥t dá»… tÃ¡n khÃ´ng bá»‹ vÃ³n cá»¥c, chá»‰ biáº¿t khen vá» sáº£n pháº©m thÃ´i

GÃ“I HÃ€NG: mÃ¬nh thÃ­ch cÃ¡ch gÃ³i hÃ ng bÃªn TIKK vÃ¬ khÃ´ng Ä‘á»ƒ tÃªn sáº£n pháº©m KH mua trÃªn bill vÃ  Ä‘a pháº§n hÃ ng Ä‘áº¿n tay mÃ¬nh Ä‘á»u cÃ²n ráº¥t chá»‰nh chu vÃ  Ä‘áº¹p Ä‘áº½, cÃ³ thá»ƒ á»Ÿ pháº§n Ä‘Ã³ng gÃ³i vÃ  anh giao hÃ ng cÃ³ sá»± ká»¹ lÆ°á»£ng nháº¹ nhÃ ng vs hÃ ng cá»§a KH

TIKI: cÃ¡i khiáº¿n mÃ¬nh Ä‘Ã¡nh giÃ¡ khÃ´ng cao lÃ  á»Ÿ khÃ¢u nhÃ  váº­n chuyá»ƒn xá»­ lÃ½ cá»“ng ká»nh Ä‘á»‘i vá»›i Ä‘Æ¡n hÃ ng cá»§a mÃ¬nh, mÃ¬nh khÃ´ng cÃ³ nhu cáº§u giao gáº¥p vÃ  nÃ³i tháº³ng phÃ­ ship 50k nÃªn tÃ­nh ra mÃ¬nh cháº³ng há»i bao nhiá»u, mÃ¬nh chá»n giao fast bth nhÆ°ng cháº£ hiá»ƒu sao tÃ¡ch Ä‘Æ¡n mÃ¬nh ra lÃ m 2, mua sp táº·ng kÃ¨m quÃ  mÃ  sp 1 Ä‘Æ¡n quÃ  1 Ä‘Æ¡n :)) Ä‘Ã£ tháº¿ cÃ²n tÃ­nh 4k (háº³n lÃ  VAT) cho tá»«ng Ä‘Æ¡n :)) tháº¥y ráº¥t chi cá»“nh ká»nh vÃ  phiá»n phá»©c.","['váº­n chuyá»ƒn', 'giÃ¡', 'Ä‘Ã³ng gÃ³i', 'dá»‹ch vá»¥', 'káº¿t cáº¥u', 'Ä‘á»™ bá»n']"
35,"tote tráº¯ng Anessa cho Ä‘Æ¡n tá»« 499k
Sá»¯a chá»‘ng náº¯ng dá»‹u nháº¹ cho da nháº¡y cáº£m vÃ  tráº» em vá»›i káº¿t cáº¥u má»ng nháº¹, kiá»m dáº§u, má»‹n mÆ°á»£t & nÃ¢ng tÃ´ng (phÃ¹ há»£p má»i loáº¡i da, Ä‘áº·c biá»‡t lÃ  da nháº¡y cáº£m thÆ°á»ng Ä‘áº¿n thiÃªn dáº§u)","['giÃ¡', 'káº¿t cáº¥u', 'Ä‘á»™ bá»n']"
36,"Cháº¥t kem lá»ng thoa vÃ o da dá»… chá»‹u nhÆ°ng cÃ³ váº» khÃ´ng kiá»m dáº§u tá»‘t. MÃ¹i hÆ°Æ¡ng cá»§a sáº£n pháº©m khÃ¡ háº¯c nÃªn khÃ´ng thÃ­ch láº¯m, khÃ¡c xa vá»›i cÃ¡c sáº£n pháº©m dÆ°á»¡ng ko mÃ¹i cá»§a Skin 1004 mÃ¬nh dÃ¹ng. NÃ³i chung lÃ  em nÃ y mÃ¬nh ko thÃ­ch láº¯m vá» cháº¥t lÆ°á»£ng","['mÃ¹i hÆ°Æ¡ng', 'káº¿t cáº¥u', 'Ä‘á»™ bá»n']"
37,"Nhá» cÃ³ tiki so sÃ¡nh giÃ¡ mÃ  mua Ä‘c giÃ¡ tá»‘t, hÃ ng real. 
HÃ ng nÃ y há»£p vs da má»¥n Ä‘ang treatment hoáº·c sd táº©y tbc hoÃ¡ há»c, vÃ¬ khi skincare náº·ng Ä‘Ã´ nhÆ° trÃªn mÃ¬nh xÃ i cÃ¡i nÃ y nÃ³ nháº¹ da. Khi bÃ¬nh thÆ°á»ng thÃ¬ da dáº§u ko nÃªn xÃ i vÃ¬ nÃ³ há»£p da khÃ´, ko cÃ³ kiá»m dáº§u, bÃ¬nh thÆ°á»ng skincare ko treatment mÃ¬nh sáº½ xÃ i toner khÃ¡c. NÃ³i chung ráº¥t tá»‘t ??","['giÃ¡', 'dá»‹ch vá»¥', 'Ä‘á»™ bá»n']"
38,"Kem chá»‘ng náº¯ng kiá»m dáº§u tá»‘t, khÃ´ng nÃ¢ng tone, da mÃ¬nh há»—n há»£p thiÃªn dáº§u dÃ¹ng thÃ¬ hÆ¡i khÃ´ 1 vÃ i chá»—, dÃ¹ng sau bÆ°á»›c serum hoáº·c kem chá»‘ng náº¯ng thÃ¬ sáº½ bá»‹ vÃ³n láº¡i xong kÃ¬ ra ghÃ©t luÃ´n Ã¡. Äá»£i khÃ´ táº§m 10p má»›i bÃ´i kcn thÃ¬ sáº½ Ä‘á»¡ hÆ¡n. Chá»‘ng náº¯ng phá»• rá»™ng cho da Ä‘ang Ä‘iá»u trá»‹ siÃªu á»•n.",['Ä‘á»™ bá»n']
39,"Sáº£n pháº©m Ä‘Ã³ng gÃ³i kÄ© cÃ ng, giao hÃ ng siÃªu nhanh. Da mÃ¬nh da dáº§u + má»¥n, mÃ¬nh Ä‘Æ°á»£c mn khuyÃªn mua cá»§a Eucerin dÃ¹ng thá»­ vÃ¬ nÃ³ kiá»m dáº§u tá»‘t, nÃªn mÃ¬nh quyáº¿t Ä‘á»‹nh mua dÃ¹ng xem nhÆ° nÃ o. Cháº¥t lÆ°á»£ng dá»‹ch vá»¥ thÃ¬ good nhÃ©!!","['váº­n chuyá»ƒn', 'Ä‘Ã³ng gÃ³i', 'dá»‹ch vá»¥', 'Ä‘á»™ bá»n']"
40,kiá»m dáº§u ráº¥t tá»‘t thÃ­ch há»£p vá»›i da dáº§u.,['Ä‘á»™ bá»n']
41,"MÃ u lÃªn Ä‘áº¹p, dá»… nhuá»™m, nhÆ°ng má»—i láº§n gá»™i Ä‘áº§u váº«n cÃ²n ra mÃ u, dÃ¹ Ä‘Ã£ dÃ¹ng 3 thÃ¡ng.",['MÃ u sáº¯c']
42,"Cháº¥t sÆ¡n xin láº¯m ah, mÃ u nÃ y lÃªn tráº¯ng rÄƒng vá»›i láº¡i mÆ°á»›t mÃ´i , khum bá»‹ lá»™ vÃ¢n mÃ´i nhÃ¬u áº¡. Táº¡i em mua sale nÃªn cÃ³ 2 trÄƒm hÆ¡n áº¡, náº¿u báº¡n nÃ o thÃ­ch ná»•i báº­t bá»Ÿi mÃ u mÃ´i Ä‘á» Ä‘áº­m Ä‘áº­m, nhÃ¬n sang sang thÃ¬ mÃ u nÃ² lÃªn Ä‘áº¹p nha, cÃ²n báº¡n nÃ o chá»‰ thÃ­ch mÃ u mÃ´i nude nude 1 tÃº thÃ¬ nÃ³ hÆ¡i á»‘ Ä‘á» áº¡ ğŸ˜‰","['giÃ¡', 'káº¿t cáº¥u', 'MÃ u sáº¯c']"
43,"Son Ä‘áº¹p láº¯m nha m.n, ban Ä‘áº§u mÃ¬nh bÄƒn khoÄƒn giá»¯a 2 mÃ u immanence vs mÃ u live  a little, mÃ¬nh cÃ³ xem review vá» cÃ¡c mÃ u son nÃ y mÃ  má»—i video mk tháº¥y mÃ u nÃ³ ko giá»‘ng nhau, cháº¯c do Ã¡nh sÃ¡ng, cÃ³ video mÃ u bá»‹ nghiÃªng vá» cam, cÃ³ video mÃ u nghiÃªng vá» há»“ng, cÃ³ nhÃ¢n mk thÃ­ch mÃ u Ä‘á» tráº§m hÆ¡n cam nÃªn mk chá»n immanence, nhÆ° cÃ¡c báº¡n tháº¥y Ä‘áº¥y trÃªn áº£nh nÃ³ Ä‘á» chÃ³i lá»i chá»© ngoÃ i nÃ³ Ä‘á» tráº§m Ä‘Ãºng kiá»ƒu mk thÃ­ch, mÃ  nhÃ¬n mÃ´i nÃ³ cÃ²n má»ng cÆ¡, Ä‘áº¹p hÆ¡n trÃªn áº£nh nhiá»u, váº­y nÃªn ráº¥t Ä‘Ã¡ng Ä‘á»ƒ mua,",['MÃ u sáº¯c']
44,"mÃ u Ä‘áº¹p, mÆ°á»£t mÃ´i dá»… sd","['káº¿t cáº¥u', 'MÃ u sáº¯c']"
45,"Äáº·t carrot pink Ä‘i giao active lady???
Náº¿u shop k cÃ²n mÃ u thÃ¬ nÃªn bÃ¡o cho KH chá»©?","['dá»‹ch vá»¥', 'MÃ u sáº¯c']"
46,"Cháº¥t son má»‹n, khÃ´ng bá»‹ khÃ´ mÃ´i, mÃ u Ä‘á» Ä‘áº­m nhÆ°ng lÃªn mÃ´i váº«n tÆ°Æ¡i ráº¥t Ä‘áº¹p nha má»i ngÆ°á»i!
MÃ¬nh bÄƒn khoÄƒn má»—i Ä‘iá»u lÃ  khÃ´ng cÃ³ tem chá»‘ng hÃ ng giáº£ cá»§a bá»™ cÃ´ng an gÃ¬ háº¿t Ã¡, khÃ´ng biáº¿t hÃ ng chuáº©n khÃ´ng ná»¯a.","['dá»‹ch vá»¥', 'káº¿t cáº¥u', 'MÃ u sáº¯c']"
47,"Son lÃªn mÃ´i ráº¥t thÃ­ch, khÃ´ng cÃ³ mÃ u nhÃ© má»i ngÆ°á»i, chá»‰ giá»¯ áº©m cho mÃ´i thÃ´i","['Ä‘á»™ bá»n', 'MÃ u sáº¯c']"
48,MÃ u xinh xá»‰u,['MÃ u sáº¯c']
49,"Son kem dÃ¹ng khÃ¡ thÃ­ch má»ng nháº¹ khÃ´ng bá»‹ dÃ y .Ä‘iá»ƒm cá»™ng ná»¯a lÃ  dÃ¹ng khÃ´ng bá»‹ khÃ´ mÃ´i hay lá»™ rÃ£nh mÃ´i.mÃ u lÃªn nÃ©t luÃ´n nÃªn chá»‰ cáº§n tÃ´ 1 láº§n lÃ  Ä‘á»§. Äáº§u chá»•i dá»… láº¥y son vÃ  gáº¡t son,mÃ u mÃ¬nh nghÅ© sáº½ há»£p vá»›i nhiá»u tÃ´ng da","['káº¿t cáº¥u', 'MÃ u sáº¯c']"
50,"Vá» Ä‘áº¹p son cÅ©ng Ä‘áº¹p ná»¯a. MÃ u c01 dá»… dÃ¹ng, cháº¥t má»‹n khÃ´ng vÃ³n cá»¥c. cháº¥t mÆ°á»›t vÃ  má»m mÃ´i. giá»¯ mÃ u tá»‘t","['káº¿t cáº¥u', 'Ä‘á»™ bá»n', 'MÃ u sáº¯c']"
51,"Son cháº¥t lÃªn thÃ­ch, mÃ u nÃ©t nÃªn cháº¯c chá»‰ cáº§n tÃ´ 1 láº§n thÃ´i lÃ  Ä‘á»§. Son thÆ¡m thÆ¡m ğŸ¥°","['mÃ¹i hÆ°Æ¡ng', 'káº¿t cáº¥u', 'MÃ u sáº¯c']"
52,"Cháº¥t tÆ¡i.má»‹n khÃ´nh bá»‹ bá»™t vá»›i vÃ³n cá»¥c. KhÃ¡ thÃ­ch á»Ÿ Ä‘iá»ƒm nÃ y, cháº¥t son cÅ©ng má»ng ná»¯a. LÃªn mÃ´i khÃ´nh bá»‹ khÃ´, nÃ©t mÃ´i. MÃ u bÃ¡m nhanh khÃ´ng pháº£i tÃ´ láº¡i. Thiáº¿t káº¿ Ä‘Æ¡n giáº£n báº¯t máº¯t","['káº¿t cáº¥u', 'Ä‘á»™ bá»n', 'MÃ u sáº¯c']"
53,"Son kem nhÆ°ng cháº¥t Ä‘áº·c, khÃ³ tÃ¡n Ä‘á»u, mÃ u ráº¥t Ä‘áº­m. DÃ¹ng kÃ¨m son dÆ°á»¡ng nhÆ°ng váº«n khÃ´ mÃ´i, dá»… trÃ´i khi Äƒn, khÃ´ng lá»³ nhÆ° mong Ä‘á»£i.","['káº¿t cáº¥u', 'Ä‘á»™ bá»n', 'MÃ u sáº¯c']"
54,"Set son Ä‘áº¹p, cÃ¢y son cÅ©ng xinh ná»¯a. Cháº¥t son dá»… tÃ¡n khÃ´ng bá»‹ dÃ y. MÃ u mÃ¬nh chá»n cÅ©ng xinh CÅ©ng má»m mÃ´i k bá»‹ khÃ´ cong. Shop thÃ¢n thiá»‡n nhiá»‡t tÃ¬nh","['dá»‹ch vá»¥', 'káº¿t cáº¥u', 'MÃ u sáº¯c']"
55,"Son Ä‘áº¹p, há»™p Ä‘áº¹p. MÃ u lÃªn Ä‘áº¹p","['Ä‘Ã³ng gÃ³i', 'MÃ u sáº¯c']"
56,"Há»™p Ä‘áº¹p lung linh, son Ä‘áº¹p cháº¥t má»‹n. MÃ u dá»… Ä‘Ã¡nh","['Ä‘Ã³ng gÃ³i', 'káº¿t cáº¥u', 'MÃ u sáº¯c']"
57,"Son dÆ°á»¡ng tá»‘t cÃ³ mÃ u nháº¹ há»£p cho nhá»¯ng báº¡n Ã­t dÃ¹ng son.
GiÃºp máº·t trÃ´ng Ä‘á»¡ nhá»£t nháº¡t nhiá»u dÃ¹ chá»‰ lÃ  son dÆ°á»¡ng.",['MÃ u sáº¯c']
58,"DÆ°á»¡ng áº©m tá»‘t, cÃ³ mÃ¹i dÃ¢u giá»‘ng mÃ¹i kem Ä‘Ã¡nh rÄƒng em bÃ© mÃ  há»“i nhá» mÃ¬nh hay xÃ i Ã­, lÃªn mÃ u nháº¹ nháº¹ xinh láº¯m luÃ´n. Dá»‹ch vá»¥ cá»§a tiki thÃ¬ khá»i pháº£i chÃª rá»“i. SiÃªu Æ°ng cÃ¡i bá»¥ng ???","['dá»‹ch vá»¥', 'mÃ¹i hÆ°Æ¡ng', 'Ä‘á»™ bá»n', 'MÃ u sáº¯c']"
59,"Son nÃ y cÃ³ mÃ¹i ngá»t Æ¡i lÃ  ngá»t luÃ´n Ã½, cÃ¡c báº¡n tá»«ng ngá»­i mÃ¹i káº¹o mÃºt vá»‹ dÃ¢u chÆ°a, Ä‘áº¥y chÃ­nh lÃ  mÃ¹i cá»§a son nÃ y, thoa lÃªn tay thÃ¬ tháº¥y cÃ³ mÃ u nhÆ°ng mÃ  báº¡n nÃ o mÃ´i thÃ¢m hay lÃ  mÃ´i khÃ´ng sÃ¡ng mÃ u thÃ¬ nÃ³ sáº½ khÃ³ tháº¥y mÃ u nhÃ©. NÃ³i chung son nÃ y mÃ´i má»‹n, lÃ¡ng,... á»¦ng há»™ nhiá»‡t tÃ¬nh náº¿u báº¡n mua~~","['mÃ¹i hÆ°Æ¡ng', 'káº¿t cáº¥u', 'MÃ u sáº¯c']"
60,"há»§ nhá» nhá» xinh xinh, mÃ u nhÆ° hÃ¬nh, mÃ¹i thÆ¡m thÆ¡m, mÃ´i má»m hÆ¡n, cÃ²n cÃ³ bá»›t thÃ¢m khÃ´ng thÃ¬ chÆ°a biáº¿t .","['mÃ¹i hÆ°Æ¡ng', 'MÃ u sáº¯c']"
61,"4* cho mÃ u son
3* cho dá»‹ch vá»¥ cskh cá»§a tiki
1* cho cháº¥t lÆ°á»£ng sp. Giao láº§n 1 cÃ¢y son bá»‹ tráº§y xÆ°á»›c lem pháº§n son bÃªn trong. ÄÃ£ Ä‘á»•i láº¡i. Tuy nhiÃªn giao láº¡i láº§n 2 cÅ©ng ko Ä‘Æ°á»£c son nguyÃªn, cÃ³ dáº¥u hiá»‡u Ä‘Ã£ dÃ¹ng r á»Ÿ pháº§n Ä‘áº§u son? ngáº¡i phiá»n nÃªn mÃ¬nh nháº­n luÃ´n. Sau cháº¯c k mua son trÃªn Ä‘Ã¢y ná»¯a Ä‘Ã¢u.","['dá»‹ch vá»¥', 'MÃ u sáº¯c']"
62,"chÃ­nh thá»©c lÃ m fan cá»§a Shiseido. Cháº¥t son má»‹n, mÃ u lÃªn hÆ¡i nháº¡t (há»“ng) nhÆ°ng nhÃ¬n khÃ´ng cheap.","['káº¿t cáº¥u', 'MÃ u sáº¯c']"
63,"son lÃªn mÃ u ráº¥t Ä‘áº¹p
ecrcrvtvtbybynunumungb&fcrcrvtgtbyny",['MÃ u sáº¯c']
64,"sáº£n pháº©m dÃ¹ng á»•n, mÃ¬nh mua mÃ u nháº§m mÃ u 1.25 sÃ¡ng quÃ¡ che ko Ä‘c ná»‘t má»¥n, nhÃ¬n hÆ¡i sáº§n sÃ¹i, dÃ¹ng che bá»ng máº¯t vÃ  quáº§n thÃ¢m thÃ¬ ok, cÃ³ thá»ƒ dÃ¹ng lÃ m kem ná»n luÃ´n, rÃºt kinh nghiá»‡m láº§n sau mua mÃ u tá»‘i hÆ¡n",['MÃ u sáº¯c']
65,"Son quáº¹t 1 láº§n nhÆ° son bÃ³ng, mÃ u ráº¥t nháº¡t nhÆ° chá»‰ co bÃ³ng khÃ´ng. Quáº¹t 2 láº§n má»›i lÃªn mÃ u há»“ng nháº¡t chÃºt. Quáº¹t 5 láº§n má»›i lÃªn mÃ u Ä‘á». Giá»¯ bÃ³ng 1 tiáº¿ng, giá»¯ mÃ u táº§m 2 tiáº¿ng xong thÃ nh há»“ng. MÃ¹i ngá»t khÃ³ chá»‹u ko thÃ­ch láº¯m.","['mÃ¹i hÆ°Æ¡ng', 'Ä‘á»™ bá»n', 'MÃ u sáº¯c']"
66,"mÃ u tháº­t á»Ÿ ngoÃ i há»“ng hÆ¡n nha, do mÃ¬nh Ã¡nh sÃ¡ng chá»— mÃ¬nh nÃªn mÃ u khÃ´ng chuáº©n láº¯m.",['MÃ u sáº¯c']
67,"MÃ u son tá»± nhiÃªn MLBB, mÃ¹i son cÅ©ng thÆ¡m ná»¯a. Lá»›p bÃ³ng Ä‘áº¹p, lá»›p tint bÃ¡m khÃ¡ cháº¯c. Son cáº§m cháº¯c cháº¯n mÃ  packaging cÅ©ng xinh xá»‰u. Äáº§u cá» nhá» dá»… tÃ´ :)","['Ä‘Ã³ng gÃ³i', 'mÃ¹i hÆ°Æ¡ng', 'Ä‘á»™ bá»n', 'MÃ u sáº¯c']"
68,Tá»‘t giao hÃ ng nhanh Ä‘Ãºng mÃ u Ä‘Ãºng máº«u mÃ u lÃªn xinh láº¯m nhÆ°ng mÃ  má»›i tha khÃ³ bÃ¡m mÃ´i xÃ­u nhÆ°ng mÃ u xinh nha,"['váº­n chuyá»ƒn', 'MÃ u sáº¯c']"
69,Cháº¥t lÆ°á»£ng sáº£n pháº©m tuyá»‡t vá»i.Ä‘Ã³ng gÃ³i sáº£n pháº©m ráº¥t Ä‘áº¹p vÃ  cháº¯c cháº¯n . mÃ u Ä‘áº¹p . ráº¥t Æ°ng,"['Ä‘Ã³ng gÃ³i', 'MÃ u sáº¯c']"
70,"Son xinh láº¯m nÃ¨ cáº§m cháº¯c tay, mÃ¹i ngÃ²n ngá»t nha, cháº¥t son hÆ¡i dÃ y nhÆ°ng mÃ u lÃªn xinh lÃ©m nÃ¨, vowis giÃ¡ nÃ y thÃ¬ nÃªn mua nha mn","['giÃ¡', 'mÃ¹i hÆ°Æ¡ng', 'káº¿t cáº¥u', 'MÃ u sáº¯c']"
71,"Son lÃªn mÃ u Ä‘áº¹p, Ã­t bá»‹ lem, Ã­t Ä‘á»ƒ láº¡i dáº¥u khi Ä‘eo kháº©u trang","['Ä‘á»™ bá»n', 'MÃ u sáº¯c']"
72,"MÃ u son Ä‘áº¹p, Ä‘Ãºng nhÆ° mÃ u mÃ¬nh Ä‘áº·t
Má»›i sá»­ dá»¥ng thá»­ tháº¥y má»m vÃ  má»‹n, chÆ°a tháº¥y bá»‹ khÃ´ mÃ´i.
NÃ³i chung lÃ  hÃ i lÃ²ng nha shop","['káº¿t cáº¥u', 'MÃ u sáº¯c']"
73,MÃ u Ä‘áº¹p xÃ i cá»±c ká»³ thÃ­ch,['MÃ u sáº¯c']
74,mÃ u son ráº¥t Ä‘áº¹p nhÃ©. má»‹n mÃ´i khÃ´ng bá»‹ khÃ´ . nÃªn mua . nÃ³i chung Ã­t khi mua online mÃ  ráº¥t Æ°ng Ã½,"['káº¿t cáº¥u', 'MÃ u sáº¯c']"
75,"Son Ä‘áº¹p, sang há»™p cÅ©ng Ä‘áº¹p ná»¯a. MÃ u Ä‘áº¹p. Good!","['Ä‘Ã³ng gÃ³i', 'MÃ u sáº¯c']"
76,"MÃ u son nhÃ¬n ko giá»‘ng mÃ u mÃ¬nh Ä‘áº·t lÃ  Ä‘á» cam, nhÆ°ng Ä‘Ã¡nh lÃªn thÃ¬ mÃ u ko Ä‘áº­m nhÆ° mÃ u cÃ¢y son.",['MÃ u sáº¯c']
77,Son tá»‘t chá»‰ lÃ  mÃ u chÆ°a Ä‘Æ°á»£c á»•n Ä‘á»‹nh nhÆ°ng váº«n cho 5 sao,['MÃ u sáº¯c']
78,"MÃ u son Ä‘áº¹p, má»m mÃ´i",['MÃ u sáº¯c']
79,"MÃ u Ä‘áº¹p, dá»… káº», giao hÃ ng nhanh","['váº­n chuyá»ƒn', 'MÃ u sáº¯c']"
80,"MÃ u nháº¡t so vá»›i trÃªn áº£nh, ráº¥t cÆ°ng nÃªn dá»… gÃ£y khi dá»­ dá»¥ng",['MÃ u sáº¯c']
81,BÃºt káº» máº¯t vá» káº» ko ra mÃ u gÃ¬ háº¿t. Cháº¯c háº¿t má»±c hoáº·c Ä‘á»ƒ lÃ¢u quÃ¡. Nhan hÃ ng xong khui ra thá»­ liá»n mÃ  tháº¥t vá»ng quÃ¡!!!,['MÃ u sáº¯c']
82,Sáº£n pháº©m tá»‘t SÃ i ráº¥t OK nhÆ°ng hÆ¡i tráº¯ng mÃ u tá»‘i tÃ­ thÃ¬ OK hÆ¡n,['MÃ u sáº¯c']
83,"Son khÃ¡ cá»©ng, cáº£m giÃ¡c khÃ´ng dÆ°á»¡ng áº©m nhiá»u, Ä‘Æ°á»£c cÃ¡i lÃ  khÃ´ng bÃ³ng mÃ´i, dá»… dÃ ng thoa tiáº¿p son mÃ u. NhÆ°ng náº¯p lá»ng láº»o, dÃ¹ng 1 thá»i gian lÃ  náº¯p rÆ¡i ra luÃ´n. KhÃ´ng mÃ¹i, khÃ´ng mÃ u.","['mÃ¹i hÆ°Æ¡ng', 'Ä‘á»™ bá»n', 'MÃ u sáº¯c']"
84,Ã”i mÃª máº©n luÃ´n. MÃ u Ä‘áº¹p láº¯m luÃ´n. Sáº½ á»§ng há»™ shop dÃ i dÃ i.,['MÃ u sáº¯c']
85,"mÃ u son ráº¥t Ä‘áº¹p vÃ  má»‹n, dÃ¹ng khi trang Ä‘iá»ƒm hoáº·c khÃ´ng trang Ä‘iá»ƒm Ä‘á»u Ä‘Æ°á»£c. chá»‰ tiáº¿c Ä‘á»™ bÃ¡m mÃ u khÃ´ng nhÆ° mong Ä‘á»£i, dá»… trÃ´i son lÃ²ng mÃ´i, chá»‰ cÃ²n láº¡i viá»n","['káº¿t cáº¥u', 'Ä‘á»™ bá»n', 'MÃ u sáº¯c']"
86,Son mÃ u ráº¥t Ä‘áº¹p vÃ  sang. Bao bÃ¬ cháº¯c cháº¯n,"['Ä‘Ã³ng gÃ³i', 'MÃ u sáº¯c']"
87,"Vá» giáº¥y bÃªn ngoÃ i thÃ¬ nhÃ¬n trÃ´ng chÃ¡n láº¯m, dáº¥u hiá»‡u cáº­y má»Ÿ nhiá»u láº§n. Cháº¥t son ráº¥t thÃ­ch, mÃ u sexy há»£p vs Ä‘i chÆ¡i, Äƒn tiá»‡c.","['Ä‘Ã³ng gÃ³i', 'káº¿t cáº¥u', 'MÃ u sáº¯c']"
88,"Son Ä‘áº¹p, lÃªn mÃ u chuáº©n... :)",['MÃ u sáº¯c']
89,Pháº§n nÆ°á»›c hÆ¡i lá»ng phÃ¹ há»£p báº¡n nÃ o thÃ­ch má»ng nháº¹ tá»± nhiÃªn. BÃ¡m da Ä‘á»u mÃ u da láº¯m. CÃ¢y bong pháº¥n Ä‘áº§u náº¥m dÃ¹ng ráº¥t thÃ­ch tuy nhiÃªn láº¡i khÃ´ng tiá»‡n Ä‘á»ƒ mang Ä‘i,"['káº¿t cáº¥u', 'Ä‘á»™ bá»n', 'MÃ u sáº¯c']"
90,"CÅ©ng thÃ­ch loáº¡i pháº¥n nÆ°á»›c nÃ y, Ä‘á»™ che phá»§ hoÃ n toÃ n ko cao, nhÆ°ng Ä‘Ã¡nh lÃªn da trÃ´ng má»ng nÆ°á»›c, trÃ´ng cÄƒng vÃ  bÃ³ng, tráº¯ng hÆ¡n. (Báº¡n nÃ o Æ°a mÃ u tá»± nhiÃªn nÃªn lÃ¹i 1 tÃ´ng) MÃ¹i thÃ¬ táº¡m, ko thÆ¡m, ko hÃ´i :) NÃ³i chung cháº¯c mÃ¬nh sáº½ xÃ i em nÃ y nhÆ° 1 lá»›p make up sau khi Ä‘Ã¡nh kem ná»n vÃ  che khuyáº¿t Ä‘iá»ƒm, rá»“i pháº¥n nÆ°á»›c xá»‹n nhÆ° IOPE cháº³ng háº¡n, sau Ä‘Ã³ sáº½ dáº·m thÃªm em nÃ y lÃªn, da trÃ´ng sáº½ bÃ³ng Ä‘áº¹p nhÆ° máº¥y em HQ ???","['mÃ¹i hÆ°Æ¡ng', 'káº¿t cáº¥u', 'MÃ u sáº¯c']"
91,MÃ u Ä‘áº¹p vÃ  bÃ¡m da tá»‘t.,"['Ä‘á»™ bá»n', 'MÃ u sáº¯c']"
92,"MÃ u son Ä‘áº¹p 3 mÃ u khÃ¡c nhau, há»™p nhÃ¬n sang. CÃ³ tÃºi giáº¥y vá»›i tháº» bh Ä‘i kÃ¨m","['Ä‘Ã³ng gÃ³i', 'MÃ u sáº¯c']"
93,"cháº¥t cushion má»‹n, bÃ³ng, mÃ u tá»‡p da, bÃ´ng tÃ¡n má»m","['káº¿t cáº¥u', 'MÃ u sáº¯c']"
94,"MÃ u sáº¯c y nhÆ° bao bÃ¬a. Cáº§m náº·ng tay, cháº¯c cháº¯n. Thiáº¿t káº¿ Ä‘áº¹p. Váº½ táº§m 1p lÃ  khÃ´, bÃ¡m tá»‘t, khÃ´ng bá»‹ lem khi Ä‘á»¥ng nÆ°á»›c. QuÃ¡ Æ°ng.","['dá»‹ch vá»¥', 'Ä‘á»™ bá»n', 'MÃ u sáº¯c']"
95,"Giao hÃ ng nhanh, Ä‘Ã³ng gÃ³i tá»‘t, date xa nÃªn yÃªn tÃ¢m. Dáº¡ng sá»¯a pháº£i láº¯c Ä‘á»u trÆ°á»›c khi sd, bÃ´i lÃªn tay tháº¥y mÃ¡t, nhanh tháº©m tháº¥u, cÃ³ lÃªn tone nhÆ°ng ko nhiá»u cÃ³ láº½ do da tay mÃ¬nh tráº¯ng sáºµn rá»“i. MÃ¹i hÆ¡i ná»“ng nhÆ°ng bay mÃ¹i nhanh hÆ¡n loáº¡i essence mÃ u green mint. BÃ´i xong Ä‘á»ƒ láº¡i trÃªn da má»™t lá»›p bá»™t má»‹n má»‹n má»ng má»ng. Tá»•ng quan tháº¥y ok hi vá»ng bÃ´i lÃªn máº·t á»•n.","['váº­n chuyá»ƒn', 'Ä‘Ã³ng gÃ³i', 'dá»‹ch vá»¥', 'mÃ¹i hÆ°Æ¡ng', 'káº¿t cáº¥u', 'MÃ u sáº¯c']"
96,"Káº¿t cáº¥u dáº¡ng gel mÃ u tráº¯ng Ä‘á»¥c nhÆ° sá»¯a, táº¡o bá»t nhiá»u vÃ  má»‹n, rá»­a xong khÃ´ng tháº¥y bá»‹ khÃ´ hay cÄƒng da máº·t ráº¥t thÃ­ch. Ai dÃ¹ng má»—i kem chá»‘ng náº¯ng thÃ´i thÃ¬ em nÃ y lÃ m sáº¡ch ráº¥t tá»‘t nha, cÃ²n trang Ä‘iá»ƒm thÃ¬ khÃ´ng sáº¡ch háº¿t Ä‘Æ°á»£c Ä‘Ã¢u.","['káº¿t cáº¥u', 'MÃ u sáº¯c']"
97,"ThÃ­ch vikcy hÆ¡n náº¡. Máº·c dÃ¹ kcn loáº¡i nÃ y cÃ³ nhiá»u ng review tá»‘t. BÃ´i lÃªn ko cáº©n tháº­n hay bá»‹ cay máº¯t láº¯m. NÃªn bÃ´i khi da Ä‘Ã£ khÃ´, chá»© náº¿u cÃ²n áº©m Æ°á»›t thÃ¬ bÃ´i lÃªn sáº½ mÃ u vÃ¡ng tráº¯ng khÃ³ chá»‹u. 
NhÃ  laponche Ä‘Ã¢y nhÃ©",['MÃ u sáº¯c']
98,"Giao hÃ ng nhanh, hÃ ng nguyÃªn váº¹n, nhÆ°ng tháº¥y giÆ¡ lÃªn xem cÃ³ ná»­a chai (Ä‘Ã³ng bao bÃ¬ rÃµ to) khÃ´ng biáº¿t cÃ³ Ä‘á»§ trá»ng lÆ°á»£ng 25g khÃ´ng ???
Cháº¥t kem mÃ u tráº¯ng má»›i thoa thÃ¬ hÆ¡i nhá»n bÃ³ng, 1 lÃºc sau thÃ¬ tháº¥m háº¿t, vá» khoáº£n nÃ¢ng tone thÃ¬ nÃ¢ng ráº¥t ráº¥t nháº¹ khi thoa thÃ´i, sau thÃ¬ khÃ´ng cÃ³ gÃ¬ khÃ¡c biá»‡t. Kiá»ƒm dáº§u thÃ¬ chÆ°a biáº¿t, vÃ¬ vá»«a nháº­n. Sáº½ pháº£n há»“i sau","['váº­n chuyá»ƒn', 'Ä‘Ã³ng gÃ³i', 'káº¿t cáº¥u', 'MÃ u sáº¯c']"
99,"ÄÃ£ nháº­n Ä‘á»§ bá»™ sp vÃ  cÃ³ quÃ  táº·ng kÃ¨m 1 mÃ¡y rá»­a máº·t mÃ u há»“ng xinh xáº¯n . Do lÃºc trc Ä‘Ã£ sd bá»™ sp nÃ y rá»“i ráº¥t Æ°ng cháº¥t kem vÃ  hiá»‡u quáº£ tráº¯ng Ä‘á»u mÃ u , da cÅ©ng ráº¥t má»m má»‹n . nÃªn láº§n nÃ y quyáº¿t Ä‘á»‹nh Ä‘áº·t mua trÃªn tiki nhÃ¢n dá»‹p back Friday  vá»«a Ä‘c giáº£m giÃ¡ vá»«a Ä‘c rinh quÃ  láº¡i miá»…n phÃ­ ship . ráº¥t Ã­t khi  mÃ¬nh cÃ³ Ä‘c nhiá»u Æ°u Ä‘Ã£i khi mua online . :))) ráº¥t vui vÃ  hÃ i lÃ²ng","['giÃ¡', 'dá»‹ch vá»¥', 'káº¿t cáº¥u', 'MÃ u sáº¯c']"
100,"Da báº¡n nÃ o khÃ´ thÃ¬ cháº¯c Ä‘Ãªm nÃªn dÃ¹ng kem khÃ¡c. Da mÃ¬nh da thÆ°á»ng, dÃ¹ng ban ngÃ y ráº¥t Æ°ng. Tháº©m tháº¥u nhanh, ko báº¿t dÃ­nh dÃ¹ cháº¥t kem Ä‘áº·c. CÃ¡i Æ°ng nháº¥t lÃ  nÃ¢ng tone da lÃªn 1-2 tone vÃ  mÃ u kem lÃ m da tráº¯ng há»“ng. Ai thik nháº¹ nhÃ ng, da Ã­t khuyáº¿t Ä‘iá»ƒm thÃ¬ cháº¯c cháº¯n nÃªn thá»­ dÃ¹ng.","['káº¿t cáº¥u', 'MÃ u sáº¯c']"
101,"TÃ´i Ä‘Æ°á»£c táº·ng má»™t há»™p nÃ y, dÃ¹ng ráº¥t thÃ­ch vÃ  vá»«a háº¿t nÃªn Ä‘áº·t 1 há»™p má»›i tá»« Tiki.
Há»™p nhá» gá»n xinh xáº¯n, Tiki giao hÃ ng nhanh hÆ¡n dá»± kiáº¿n vÃ  Ä‘Ã³ng gÃ³i cáº©n tháº­n.
DÆ°á»¡ng mÃ´i dÃ¹ng khÃ¡ thÃ­ch, mÃ¹i thÆ¡m nháº¹, má»m mÃ´i. Ban ngÃ y tÃ´i cÅ©ng dÃ¹ng lÃ m lá»›p dÆ°á»¡ng trÆ°á»›c khi bÃ´i son, son Ä‘á»u mÃ u vÃ  lÃ¢u trÃ´i hÆ¡n háº³n.","['váº­n chuyá»ƒn', 'Ä‘Ã³ng gÃ³i', 'mÃ¹i hÆ°Æ¡ng', 'Ä‘á»™ bá»n', 'MÃ u sáº¯c']"
102,"ÄÃ¢y lÃ  láº§n Ä‘áº§u tiÃªn mÃ¬nh dÃ¹ng táº©y trang cá»§a hÃ£ng nÃ y. Chai mÃ¬nh nháº­n Ä‘Æ°á»£c mÃ u hÆ¡i vÃ ng nháº¹, date xa, Ä‘Æ°á»£c táº·ng kÃ¨m sá»¯a rá»­a máº·t. Táº©y trang khÃ¡ sáº¡ch, mÃ¹i nháº¹ nhÃ ng dá»… chá»‹u. Táº©y trang xong mÃ  chÆ°a ká»‹p rá»­a máº·t ngay thÃ¬ da máº·t cÅ©ng khÃ´ng bá»‹ khÃ´, khÃ´ng ngá»©a. Loáº¡i nÃ y phÃ¹ há»£p cho báº¡n nÃ o khÃ´ng trang Ä‘iá»ƒm hoáº·c trang Ä‘iá»ƒm ráº¥t nháº¹ thÃ´i nhÃ©. Trang Ä‘iá»ƒm Ä‘áº­m hoáº·c nhiá»u thÃ¬ nÃªn dÃ¹ng dáº§u táº©y trang sáº½ sáº¡ch hÆ¡n!","['dá»‹ch vá»¥', 'mÃ¹i hÆ°Æ¡ng', 'MÃ u sáº¯c']"
103,BÃ i Ä‘Äƒng thÃ¬ ghi ko mÃ u trong khi Ä‘Ã³ cháº¥t kem ngáº£ vÃ ng. Há»™p thÃ¬ ko tem niÃªm phong mua vá»  bÃ³c hÃ ng Ä‘Ã£ tháº¥y má»Ÿ. HÃ ng nhÃ¡i rÃµ rÃ ng.,"['dá»‹ch vá»¥', 'MÃ u sáº¯c']"
104,Giao hÃ ng nhanh shipper nhiá»‡t tÃ¬nh Ä‘Ã³ng gÃ³i sáº£n pháº©m kÄ© lÆ°á»¡ng ko bá»‹ mÃ³p mÃ©o cÃ³ bá»c chá»‘ng sá»‘c Ä‘Ã¢y lÃ  tuÃ½p thá»© hai mÃ¬nh dÃ¹ng cháº¥t kem cÃ³ mÃ u vÃ ng nháº¹ tháº¥m nhanh cÃ¡c váº¿t thÃ¢m má» dáº§n sáº¹o rá»— cÃ³ Ä‘áº§y lÃªn kiÃªn trÃ¬ sá»­ dá»¥ng sáº½ tháº¥y káº¿t quáº£ rÃµ rá»‡t,"['váº­n chuyá»ƒn', 'Ä‘Ã³ng gÃ³i', 'MÃ u sáº¯c']"
105,"HÃ ng ship tá»›i mÃ¬nh lÃ  khÃ£ nhiá»u so vá»›i mÃ¬nh mua chÃ­nh hÃ£ng táº¡i nhÃ  thuá»‘c, cháº¥t kem chá»‘ng náº¯ng mÃ u vÃ ng, cÃ²n hÃ ng hay mua lÃ  mÃ u tráº¯ng sá»¯a. DÃ¹ng hÆ¡i sá»£ nÃªn thÃ´i mua láº¡i nhÃ  thuá»‘c dÃ¹ng. Táº¡i mÃ¬nh tháº¥y trÃªn nÃ y giÃ¡ ráº» hÆ¡n máº¥y chá»¥c ngÃ n nÃªn mua thá»­","['giÃ¡', 'MÃ u sáº¯c']"
106,"Sáº£n pháº©m dáº¡ng gel khÃ´ng mÃ u, mÃ¹i ráº¥t nháº¹ máº¥t nhanh, káº¿t cáº¥u hÆ¡i Ä‘áº·c hÆ¡n mÃ¬nh nghÄ©. Náº¿u da mÃ¬nh chá»‰ lÃ m sáº¡ch+ toner thÃ¬ gel dÆ°á»¡ng tháº¥m ráº¥t nhanh, khÃ´ng há» Ä‘á»ƒ láº¡i sá»± bÃ³ng trÃªn da, cáº£m giÃ¡c da má»m nhÆ° em bÃ©, mÃ  chÆ°a sáº£n pháº©m dÆ°á»¡ng áº©m nÃ o mÃ¬nh tá»«ng xÃ i mÃ  tá»‘t nhÆ° váº§y. Tuy nhiÃªn náº¿u da Ä‘Ã£ cÃ³ thÃªm lá»›p BHA hay Retinol ( cÃ¹ng hÃ£ng Paula choice) thÃ¬ thá»i gian mÃ¡t xa pháº£i lÃ¢u hÆ¡n thÃ¬ sáº£n pháº©m má»›i tháº©m tháº¥u háº¿t Ä‘Æ°á»£c. NÃ³i chung lÃ  Ä‘Ã¡ng Ä‘á»“ng tiá»n bÃ¡t gáº¡o","['giÃ¡', 'mÃ¹i hÆ°Æ¡ng', 'káº¿t cáº¥u', 'Ä‘á»™ bá»n', 'MÃ u sáº¯c']"
107,"TÃ´i vá»«a nháº­n Ä‘Æ°á»£c hÃ ng vÃ  cáº£m tháº¥y tháº¥t vá»ng! hÃ¬nh áº£nh tÃ´i gá»­i vá»›i chai mÃ u xanh lÃ  tÃ´i Ä‘ang sá»­ dá»¥ng cÃ³ mÃ£ váº¡ch in liá»n trÃªn thÃ¢n chai, cÃ²n mÃ u tráº¯ng lÃ  hÃ ng tiki vá»«a giao láº¡i cÃ³ mÃ£ váº¡ch báº±ng giáº¥y dÃ¡n chá»“ng lÃªn mÃ£ váº¡ch khÃ¡c? sáº£n pháº©m nhÆ° váº­y lÃ m sao cÃ³ thá»ƒ tin tÆ°á»Ÿng sá»­ dá»¥ng Ä‘c? tÃ´i muá»‘n tráº£ láº¡i hÃ ng! Ä‘Æ¡n hÃ ng : #250734999 nhá» tiki há»— trá»£ thu há»“i gáº¥p dÃ¹m! xin cáº£m Æ¡n","['dá»‹ch vá»¥', 'MÃ u sáº¯c']"
108,"Sp Ä‘Ãºng mÃ´ táº£. DÃ¡n lÃªn sau vÃ i tiáº¿ng thÃ¬ chuyá»ƒn sang mÃ u tráº¯ng Ä‘á»¥c. Lá»™t miáº¿ng dÃ¡n ra k cÃ²n tháº¥y ná»‘t má»¥n ( do mÃ¬nh dÃ¡n nguyÃªn vÃ¹ng mÅ©i, bá»‹ má»¥n Ä‘áº§u Ä‘en li ti). CÃ³ nhÃ­p nhá»±a Ä‘i kÃ¨m dÃ¹ng Ä‘á»ƒ gá»¡ miáº¿ng dÃ¡n",['MÃ u sáº¯c']
109,"HÃ ng Ä‘Æ°á»£c bao ráº¥t kÄ© vÃ  Ä‘Æ°á»£c giao Ä‘Ãºng háº¡n. Em nÃ y má»›i Ä‘áº§u sá»­ dá»¥ng thÃ¬ cÃ³ hÆ¡i chÃ¢m chÃ­ch nháº¹ (nhÆ°ng khÃ´ng pháº£i kÃ­ch á»©ng), xÃ i dáº§n thÃ¬ quen. Em nÃ y khÃ´ng cá»“n (khÃ´), sulfate, hÆ°Æ¡ng liá»‡u, paraben nÃªn dá»‹u nháº¹, bÃªn cáº¡nh Ä‘Ã³ cÃ²n bá»• sung niacinamide, glycerine vÃ  b5 nÃªn da nháº¡y cáº£m Æ°ng láº¯m nha. Äá»™ lÃ m sáº¡ch thÃ¬ chá»‰ á»Ÿ má»©c táº¡m, Ä‘á»™ pH chuáº©n. Vá» bao bÃ¬ thÃ¬ em nÃ y cÃ³ vÃ²i pump dá»… sá»­ dá»¥ng, thiáº¿t káº¿ OK. Vá» cháº¥t thÃ¬ em nÃ y lÃ  cháº¥t gel tráº¯ng cÃ³ mÃ u tráº¯ng Ä‘á»¥c vÃ  khÃ´ng táº¡o bá»t. NÃ³i chung lÃ  cÃ´ng thá»©c thÃ¬ lÃ  cÃ´ng thá»©c má»›i bá»• sung cÃ¡c thÃ nh pháº§n má»›i thÃ´i nÃªn khÃ´ng khÃ¡c so vá»›i báº£n cÅ© láº¯m. ÄÃ¢y lÃ  chiáº¿c sá»­ rá»¯a máº·t dá»‹u nháº¹ nháº¥t mÃ  tÃ´i tá»«ng biáº¿t Ä‘áº¿n vÃ  Ä‘Ã£ tráº£i nghiá»‡m Ä‘Æ°á»£c háº¿t má»™t chai rá»“i, khÃ¡ Æ°ng. Vá» viá»‡c sá»­ dá»¥ng cho body thÃ¬ cÅ©ng khÃ¡ ok nÃ¨, nhÆ°ng hÆ¡i tá»‘n. 
=>8,5/10 Dá»‹u nháº¹, phÃ¹ há»£p cho loáº¡i da thÆ°á»ng, khÃ´, nháº¡y cáº£m, há»—n há»£p khÃ´, treatment. Cháº¯c cháº¯n sáº½ mua láº¡i láº§n sau","['váº­n chuyá»ƒn', 'Ä‘Ã³ng gÃ³i', 'mÃ¹i hÆ°Æ¡ng', 'káº¿t cáº¥u', 'MÃ u sáº¯c']"
110,"NhÃ¬n tháº¥y báº¡n dÃ¹ng sáº£n pháº©m nÃ y nÃªn quyáº¿t Ä‘á»‹nh quáº¥t nguyÃªn máº¥y sáº£n pháº©m dÆ°á»¡ng vá». MÃ u xanh mint Ä‘áº¹p láº¯m. Tinh cháº¥t tháº¥m nhanh. Da mÃ¬nh thÃ¢m má»¥n nÃªn dÃ¹ng em nÃ y tháº¥y máº¥y váº¿t thÃ¢m cÅ©ng má» má» Ä‘i nÃ¨. CÃ³ tem chá»‘ng giáº£ ná»¯a nÃªn dÃ¹ng yÃªn tÃ¢m hÆ¡n nhiá»u. ÄÃ³ng gÃ³i hÃ ng cáº©n tháº­n, giao hÃ ng nhanh","['váº­n chuyá»ƒn', 'Ä‘Ã³ng gÃ³i', 'dá»‹ch vá»¥', 'MÃ u sáº¯c']"
111,"Cháº¥t lÆ°á»£ng srm thÃ¬ ok quÃ¡ rÃ²i, mÃ¬nh xÃ i cá»§a nhÃ  Senka cÅ©ng 3 4 nÄƒm nay rá»“i, xÃ i tá»« mÃ u há»“ng qua mÃ u xanh, tháº¥y cháº¥t lÆ°á»£ng váº«n ráº¥t ok. VÃ¬ Ä‘á»£t nÃ y dá»‹ch nÃªn cÃ³ Ä‘áº·t hÃ ng vá» quÃª, hÃ ng thÃ¬ bá»‹ mÃ³p mÃ©o, thÃ¹ng hÃ ng cÅ©ng bá»‹ rÃ¡ch 1 lá»— ná»¯a? cháº¯c do khÃ¢u váº­n chuyá»ƒn. MÃ¬nh mua trong store nÃªn nháº­n Ä‘c gÃ³i hÃ ng nhÆ° nÃ y nÃªn cÅ©ng hÆ¡i buá»“n, mong láº§n sau kháº¯c phá»¥c áº¡","['váº­n chuyá»ƒn', 'Ä‘Ã³ng gÃ³i', 'MÃ u sáº¯c']"
112,"Sá»¯a rá»­a máº·t xÃ i á»•n, khÃ¡ sáº¡ch, xÃ i lÃ¢u, mÃ¹i hÆ°Æ¡ng thÃ¬ bÃ¬nh thÆ°á»ng, mÃ¬nh cÃ³ xÃ i qua mÃ u xanh nháº¡t thÃ¬ tháº¥y xanh nháº¡t thÆ¡m hÆ¡n.
Giao hÃ ng nhanh, Ä‘Æ°á»£c táº·ng há»™p bÃ´ng táº©y trang nhá» xinh.","['váº­n chuyá»ƒn', 'dá»‹ch vá»¥', 'mÃ¹i hÆ°Æ¡ng', 'MÃ u sáº¯c']"
113,"Ban Ä‘áº§u mÃ¬nh dÃ¹ng sáº£n pháº©m tháº¥y ráº¥t á»•n vÃ  há»£p tÃºi tiá»n cÃ²n Ä‘ang Ä‘á»‹nh mua láº¡i. NhÆ°ng hÃ´m nay sau khi chai cÃ²n 1/3 khi dÃ¹ng mÃ¬nh Ä‘á»ƒ Ã½ tháº¥y ngoÃ i lá»›p nÆ°á»›c vÃ  dáº§u ra trong cÃ²n cÃ³ thÃªm chÃºt vÃ¡ng mÃ u tráº¯ng lÆ¡ lá»­ng trong chai, k biáº¿t Ä‘Ã¢y lÃ  do lá»—i sáº£n pháº©m hay tháº¿ nÃ o (trÆ°á»›c Ä‘Ã³ mÃ¬nh k tháº¥y cÃ³ hiá»‡n tÆ°á»£ng nhÆ° tháº¿ nÃ y, háº¡n sá»­ dá»¥ng váº«n cÃ²n, cÅ©ng k pháº£i lÃ  bá»t Ä‘Ã¢u nhÃ© má»i ngÆ°á»i). Ráº¥t mong tiki cÃ³ cÃ¢u tráº£ lá»i cho mÃ¬nh yÃªn tÃ¢m","['giÃ¡', 'dá»‹ch vá»¥', 'MÃ u sáº¯c']"
114,"ÄÃ³ng há»™p khÃ´ng má»™t miáº¿ng lÃ³t, khÃ´ng cÃ³ bá»c chai, náº¯p chai thÃ¬ bá»¥i báº©n, thÃ¢n chai thÃ¬ xÆ°á»›c vÃ  cÅ©. BÃªn trong thÃ¬ má»™t lá»›p nÆ°á»›c má»™t lá»›p nhÆ° dáº§u mÃ u xanh khÃ´ng hoÃ  tan dÃ¹ cÃ³ láº¯c máº¡nh. KhÃ´ng hiá»ƒu tiki Ä‘Ã³ng hÃ ng tháº¿ nÃ o? Tháº¥y sáº£n pháº©m tháº¿ nÃ y mÃ¬nh ráº¥t lo ngáº¡i vá» cháº¥t lÆ°á»£ng. TrÆ°á»›c nay mÃ¬nh hay mua á»Ÿ shoppe,vÃ¬ tin tÆ°á»Ÿng cam káº¿t hÃ ng chÃ­nh hÃ£ng cá»§a tiki nÃªn qua Ä‘Ã¢y mua, mÃ  tiki lÃ m mÃ¬nh tháº¥t vá»ng quÃ¡ ( vá» cáº£ thá»i gian giao hÃ ng,phÃ­ ship,Ä‘Ã³ng gÃ³i vÃ  cháº¥t lÆ°á»£ng sáº£n pháº©m). 1* dÃ nh cho chai táº©y trang, 1* cÃ²n láº¡i lÃ  cho anh shipper thÃ¢n thiá»‡n.","['váº­n chuyá»ƒn', 'Ä‘Ã³ng gÃ³i', 'dá»‹ch vá»¥', 'MÃ u sáº¯c']"
115,"Sáº£n pháº©m cÃ³ káº¿t cáº¥u mÃ u vÃ ng trong, mÃ¹i hÆ¡i háº¯c má»™t chÃºt. Khi rá»­a xong cÃ³ cáº£m giÃ¡c khÃ´ thoÃ¡ng vÃ  khÃ´ng bá»‹ khÃ´ da. Hy vá»ng Ä‘ung thÆ°á»ng xuyÃªn hiá»‡u quáº£ sáº½ tá»‘t.","['mÃ¹i hÆ°Æ¡ng', 'káº¿t cáº¥u', 'MÃ u sáº¯c']"
116,"sp tá»‘t Ä‘Ã³ng gÃ³i tá»‘t giao nhanh..mua 1sp Ä‘c 4 quÃ  táº·ng cháº¥t lÆ°á»£ng...e b5 nÃ y thÃ¬ khá»i bÃ n rá»“i kem lÃªn da mÆ°á»›t nÃ¢ng tone nháº¹,mÃ¬nh dÃ¹ng káº¿t há»£p vá»›i retionl A313 buá»•i tá»‘i,sÃ¡g thÃ¬ dÃ¹ng 1 mÃ¬nh e b5 nÃ y vs kem chá»‘ng náº¯ng(sink aqua náº¯p vÃ ng)..Ä‘c 1 thÃ¡ng tháº¥y da Ä‘c cáº£i thiá»‡n Ä‘á»u mÃ u hÆ¡n tÃ­..lcl nhá» Ä‘c xÃ­u nha","['váº­n chuyá»ƒn', 'Ä‘Ã³ng gÃ³i', 'dá»‹ch vá»¥', 'MÃ u sáº¯c']"
117,"hÃ ng fake.
khÃ´ng tem niÃªm phong, 
mÃ£ sá»‘ in trÃªn vá» khÃ´ng trÃ¹ng vá»›i  há»™p
id khÃ´ng Ä‘Ãºng
mÃ u sáº¯c khÃ¡c hoÃ n toÃ n vá»›i báº£n auth Ä‘ang dÃ¹ng.
yÃªu cáº§u tiki pháº¡t nhÃ  bÃ¡n vÃ  hoÃ n tiá»n ngay láº­p tá»©c","['dá»‹ch vá»¥', 'MÃ u sáº¯c']"
118,"Mua Ä‘á»ƒ dÃ¹ng vá»›i má»¥c Ä‘Ã­ch cáº¥p nÆ°á»›c, giá»¯ áº©m. Giao hÃ ng nhanh, nhÃ¬n chai serum mÃ u tráº¯ng vÃ´ cÃ¹ng thanh lá»‹ch, nhÃ£ nháº·n, mÃ¬nh Æ°ng.","['váº­n chuyá»ƒn', 'Ä‘á»™ bá»n', 'MÃ u sáº¯c']"
119,"gel nÃ y xá»‹nn láº¯m má»i ngÆ°á»i Æ¡i, mÃ¬nh dÃ¹ng Ä‘Æ°á»£c máº¥y ngÃ y mÃ  má»¥n Ä‘áº§u Ä‘en, thÃ¢m Ä‘Ã£ giáº£m háº³n. mÃ u hÆ¡i vÃ ng do cÃ³ nghá»‡ nhÆ°ng mÃ  khÃ´ng sao, sÃ¡ng dáº­y táº©y trang, rá»­a máº·t lÃ  sáº¡ch. mÃ¬nh rcm má»i ngÆ°á»i dÃ¹ng nhÃ¡, mÃ¬nh da dáº§u mÃ  Æ°ng quÃ¡","['káº¿t cáº¥u', 'MÃ u sáº¯c']"
120,"Date Ä‘áº¿n 5/2023
NhÃ£n mÃ¡c, tem, nÆ¡i xuáº¥t xá»©, nháº­p kháº©u, nhÃ£n tiáº¿ng viá»‡t Ä‘áº§y Ä‘á»§, kem dÆ°á»¡ng bÃ³p ra tháº¥y cÃ³ mÃ u nhÆ°ng thoa ra thÃ¬ khÃ´ng áº£nh hÆ°á»Ÿng gÃ¬ Ä‘áº¿n tone da, dÆ°á»¡ng áº©m dá»‹u nháº¹, an toÃ n, cÆ¡ báº£n, trá»« 1 sao vÃ¬ thá»ƒ tÃ­ch nhá», Ä‘á»‘i vá»›i cÃ¡ nhÃ¢n  1 Ä‘á»©a Ä‘ang viÃªm mÃ ng tÃºi nhÆ° mÃ¬nh.","['dá»‹ch vá»¥', 'Ä‘á»™ bá»n', 'MÃ u sáº¯c']"
121,"Mua vá» dÃ¹ng Ä‘c 3 4 láº§n tháº¥y ráº¥t khÃ´ cÄƒng da vÃ  lÃªn má»¥n nghÄ© do ko há»£p thÃ´i nÃªn ko dÃ¹ng tiáº¿p ná»¯a. Váº«n Ä‘á»ƒ trong nhÃ  táº¯m Ä‘áº¿n hÃ´m nay tÃ¬nh cá» lÆ°á»›t tháº¥y cÃ¡c clip review trÃªn máº¡ng vá» Ä‘Ãºng srm nÃ y, dÃ²ng nÃ y, mÃ¬nh nháº­n ra lÃ  chai mÃ¬nh mua cÃ³ mÃ u vÃ ng ráº¥t Ä‘áº­m, Ä‘áº­m hÆ¡n nhiá»u so vá»›i nhiá»u ngÆ°á»i review trÃªn máº¡ng. Ko nhá»› rÃµ láº¯m lÃºc nháº­n hÃ ng sao nhÆ°ng tá»« hÃ´m Ä‘Ã³ Ä‘áº¿n giá» mÃ¬nh cháº³ng lÃ m gÃ¬ chai nÃ y cáº£ cháº£ hiá»ƒu sao dung dá»‹ch nÃ³ láº¡i vÃ ng hÆ¡n nhá»¯ng clip trÃªn máº¡ng nhiá»u Ä‘áº¿n nhÆ° váº­y.",['MÃ u sáº¯c']
122,MÃ¬nh Ä‘áº·t hai sáº£n pháº©m nhÆ°ng shop giao sai má»™t sáº£n pháº©m. Sáº£n pháº©m kia mÃ¬nh Ä‘áº·t há»™p mÃ u vÃ ng nhÆ°ng sáº£n pháº©m nháº­n Ä‘Æ°á»£c há»™p láº¡i khÃ¡c.,"['dá»‹ch vá»¥', 'MÃ u sáº¯c']"
123,"Kcn cá»§a hÃ£ng quÃ¡ quen rá»“i, mÃ¬nh cÅ©ng k Ä‘anh giÃ¡ cháº¥t lÆ°á»£ng lÃ m gÃ¬, chá»‰ comment vá» cÃ¡i bÃ¬nh quÃ  táº·ng. Hihi, siu xinh nha. MÃ u há»“ng dá»… thÆ°Æ¡ng vÃ´ Ä‘á»‘i. Tiki giao nhanh, sp tá»‘t, date xa. HÃ i lÃ²ng áº¡!","['váº­n chuyá»ƒn', 'giÃ¡', 'dá»‹ch vá»¥', 'MÃ u sáº¯c']"
124,"Peppti mÃ¬nh nháº­n Ä‘c lÃ  máº«u cÅ© chai báº±ng nhá»±a - HÆ¡i tháº¥t vá»ng :(  . ko pháº£i máº«u má»›i 2021 chai báº±ng thá»§y tinh . giÃ¡ cÅ©ng khÃ¡ máº¯c so vá»›i lazada shopee . cháº¥t toner dáº¡ng sá»‡t mÃ u tráº¯ng sá»¯a , apply lÃªn da hÆ¡i báº¿t , cháº¯c da mÃ¬nh dáº§u ko há»£p . -  da khÃ´ há»£p hÆ¡n . DÃ¹ng chá»‰ tháº¥y áº©m nhiá»u cÃ²n lá»— chÃ¢n to chÆ°a Ä‘c cáº£i thiá»‡n . Tiki nÃªn cÃ³ trá»¥ sá»Ÿ táº¡i HÃ€ Ná»™i ná»¯a Ä‘á»ƒ khÃ¡ch HÃ€ Ná»™i ko pháº£i Ä‘á»£i lÃ¢u , thÃªm ná»¯a Tiki ko cho khÃ¡ch xem kiá»ƒm tra hÃ ng thá»±c táº¿ Ä‘iá»u nÃ y lÃ m khÃ¡ch thá»±c sá»± tháº¥t vá»ng ko biáº¿t hÃ ng Ä‘Æ°á»£c nháº­n ra sao ... há»¥t háº«ng . DÄ© nhiÃªn cho xem hÃ ng xem cÃ³ Ä‘Ãºng hÃ ng cá»§a mÃ¬nh Ä‘Ã£ Ä‘áº·t ko . cÃ²n tiá»n vÃ  phÃ­ khÃ¡ch váº«n sáº½ tráº£ Ä‘á»§ . Hi vá»ng TiKi sáº½ ghi nháº­n Ã½ kiáº¿n pháº£n há»“i cá»§a khÃ¡ch hÃ ng !","['giÃ¡', 'dá»‹ch vá»¥', 'káº¿t cáº¥u', 'MÃ u sáº¯c']"
125,"Há»£p vá»›i da dáº§u má»¥n, lÃªn 1 tÃ´ng mÃ u. K bá»‹ bÃ³ng dáº§u nhÆ° cÃ¡c loáº¡i trÆ°á»›c Ä‘Ã£ xÃ i, cÅ©ng k bá»‹ lÃªn má»¥n. HÃ ng chÃ­nh hÃ£ng.

 MÃ¬nh lÃ  nam, láº§n Ä‘áº§u xÃ i, vÃ  cáº£m tháº¥y hÃ i lÃ²ng, sáº½ xÃ i tiáº¿p.","['dá»‹ch vá»¥', 'Ä‘á»™ bá»n', 'MÃ u sáº¯c']"
126,"ÄÃ£ xÃ i dÃ²ng mÃ u xanh, mÃ u tráº¯ng nÃ y cÃ³ váº» k cay máº¯t, nÃ¢ng tone nháº¹ k bá»‹ tráº¯ng bá»‡t, cÃ³ mÃ¹i thÆ¡m nháº¹. Nháº­n Ä‘áº§y Ä‘á»§ quÃ  táº·ng . Ä‘á»£t nÃ y Ä‘Ã³ng gÃ³i hÆ¡i sÆ¡ xÃ i nhÆ°ng ko bá»‹ Ä‘á»• sáº£n pháº©m","['Ä‘Ã³ng gÃ³i', 'dá»‹ch vá»¥', 'mÃ¹i hÆ°Æ¡ng', 'MÃ u sáº¯c']"
127,"KhÃ´ng tháº¥y rÃµ hiá»‡u quáº£ vá»›i má»¥n áº©n vÃ  thÃ¢m, nhÆ°ng Ã­t báº¿t dÃ­nh, khÃ´ng mÃ u, giáº£m sÆ°ng má»¥n sau táº§m 2 3 ngÃ y","['káº¿t cáº¥u', 'MÃ u sáº¯c']"
128,"Má»¥n viÃªm giáº£m Ä‘au nhanh, Ä‘á»ƒ láº¡i thÃ¢m cÅ©ng mau láº·n, nÃªn cháº¥m lÃªn má»¥n váº¿t thÃ¢m hay sáº¹o, thoa kháº¯p máº·t thÃ¬ sáº½ hÆ¡i bÃ­ da Ä‘Ã³. Gel khÃ´ng mÃ u nÃªn Ä‘á»¡ pháº£i dÃ­nh quáº§n Ã¡o vÃ  cÃ³ thá»ƒ sd á»Ÿ chá»— lÃ m","['káº¿t cáº¥u', 'MÃ u sáº¯c']"
129,"Giáº£m thÃ¢m sáº¹o, sp khÃ´ng mÃ u dá»‹u nháº¹",['MÃ u sáº¯c']
130,"HÃ ng cá»§a shop uy tÃ­n nÃªn khÃ¡ yÃªn tÃ¢m, giÃ¡ má»m, giao hÃ ng nhanh vÃ  Ä‘Ã³ng gÃ³i cáº©n tháº­n, tháº¥y loáº¡i nÃ y Ä‘Æ°á»£c nhiá»u review tÃ­ch cá»±c nÃªn mÃ¬nb mua dÃ¹ng thá»­ xem sao, cháº¥t kem lá»ng mÃ u tráº¯ng trong cÃ²n vá» tÃ¡c dá»¥ng xÃ i lÃ¢u dÃ i má»›i cÃ³ thá»ƒ Ä‘Ã¡nh giÃ¡ chi tiáº¿t Ä‘c","['váº­n chuyá»ƒn', 'giÃ¡', 'Ä‘Ã³ng gÃ³i', 'dá»‹ch vá»¥', 'káº¿t cáº¥u', 'MÃ u sáº¯c']"
131,"kem dÃ¹ng ok nhÆ°ng mÃ  mÃ¹i láº§n nÃ y hÆ¡i láº¡ so vá»›i chai Ä‘áº§u tiÃªn sá»­ dá»¥ng, mÃ u kem cÅ©nh vÃ ng hÆ¡n. Hy vá»ng dÃ¹ng ok nhÆ° láº§n Ä‘áº§u :)","['mÃ¹i hÆ°Æ¡ng', 'MÃ u sáº¯c']"
132,"Kem chá»‘ng náº¯ng dáº¡ng cream khÃ´ng mÃ u, ko nÃ¢ng tÃ´ng da, da t hhtd dÃ¹ng kcn nÃ y k há» Ä‘áº¿n táº§m ná»­a ngÃ y ko bá»‹ Ä‘á»• dáº§u nhÆ° cÃ¡i cháº£o hÃªhe","['káº¿t cáº¥u', 'Ä‘á»™ bá»n', 'MÃ u sáº¯c']"
133,mÃ¹i thÃ¬ chÆ°a ngá»­i mÃ¬nh nghÄ© lÃ  ko cÃ³ mÃ¹i Ã­. Gel ko mÃ u ko lÃ m dÆ¡ Ä‘á»“ mÃ¬nh máº·c tui thoa ngÃ y 2 láº§n Ä‘c 2 tuáº§n r tháº¥y hiá»‡u quáº£ nÃªn má»›i nhá»› lÃªn Ä‘Ã¢y Ä‘Ã¡nh giÃ¡. Mn mua dÃ¹ng thá»­ ikk,"['giÃ¡', 'mÃ¹i hÆ°Æ¡ng', 'MÃ u sáº¯c']"
134,"Má»›i Ä‘áº§u bÃ´i rÃ­t vÃ  bÃ³ng, nhÆ°ng sau 10-15â€™ thÃ¬ ráº¥t rÃ¡o máº·t, nháº¹ nhÆ° bÃ´i kem dÆ°á»¡ng. Kem dá»… tÃ¡n, lÃ m Ä‘á»u mÃ u da. HÆ¡i nÃ¢ng tone nháº¹","['káº¿t cáº¥u', 'MÃ u sáº¯c']"
135,Mua Ä‘i mua láº¡i nÃªn vá» cháº¥t lÆ°á»£ng thÃ¬ khá»i bÃ n cÃ£i. Da má»¥n nháº¡y cáº£m hay gÃ¬ cÅ©ng ko cáº§n pháº£i lo mÃ  cá»© mua thÃ´i. Cho 4 sao vÃ¬ Tiki giao hÃ ng cháº­m. Äiá»ƒm nÃ y Tiki thua Shopee vÃ  Lazada. Cáº£i thiá»‡n khÃ¢u nÃ y tá»‘t biáº¿t máº¥y. MÃ¬nh mua giÃ¡ siÃªu há»i. TrÆ°á»›c hay xÃ i chai mÃ u xanh cho da dáº§u nhÆ°ng tá»« ngÃ y xÃ i e nÃ y tháº¥y cÅ©ng ko khÃ¡c gÃ¬ e kia lÃ  máº¥y mÃ  ráº» hÆ¡n nÃªn Ä‘Ã¢u dáº¡i gÃ¬ mÃ  ko mua. Ã€ 3 chai nÃ y sáº£n xuáº¥t tá»« 1 nÄƒm trÆ°á»›c rá»“i. CÃ¡i nÃ y cÅ©ng ko báº±ng Shopee vÃ¬ láº§n nÃ o mÃ¬nh mua bÃªn Ä‘Ã³ cÅ©ng nháº­n hÃ ng má»›i háº¿t. NhÆ°ng khÃ´ng sao cáº£ vÃ¬ date cÃ²n xa.,"['váº­n chuyá»ƒn', 'giÃ¡', 'dá»‹ch vá»¥', 'MÃ u sáº¯c']"
136,"Tiki giao nhanh, hÃ£ng chÃ­nh hÃ£ng. Há»™p kem cÃ³ Ä‘áº¿ nhá»±a trong há»™p khÃ¡ cháº¯c nÃªn tiki gÃ³i hÆ¡i áº©u cÅ©ng khÃ´ng quan trá»ng láº¯m. Review: MÃ¬nh trc giá» k há»£p Acnes, nhÆ°ng khi thá»­ sá»­ dá»¥ng SRM cá»§a dÃ²ng nÃ y mÃ¬nh ráº¥t Æ°ng, da sÃ¡ng vÃ  má»¥n Ä‘á»Ÿ sÆ°ng nhiá»u nÃªn mÃ¬nh Ä‘Ã£ mua luÃ´n kem. Kem KO cÃ³ mÃ¹i hÆ°Æ¡ng liá»‡u, mÃ¬nh dá»‹ á»©ng mÃ¹i nÃªn ráº¥t ok, báº¡n nÃ o thÃ­ch mÃ¹i thÃ¬ tháº¥y mÃ¹i nÃ y hÆ¡i dá»‹ bá»Ÿi vÃ¬ nÃ³ lÃ  mÃ¹i nguyÃªn liá»‡u. Dáº¡ng cream hÆ¡i Ä‘áº·c, mÃ u sá»¯a chua. Thoa lÃªn má»ng, má»‹n, sau 1p kem sáº½ tháº¥m luÃ´n vÃ o da lÃ m da khÃ´ nhÆ°ng váº«n áº©m, mÆ°á»£t, ko bÃ³ng. Báº¡n nÃ o cÃ³ má»¥n thÃ¬ nÃ³ sáº½ Ä‘áº©y má»¥n lÃªn trong vÃ²ng 2 tuáº§n Ä‘áº§u, sau Ä‘Ã³ sáº½ lÃ nh, giáº£m sÆ°ng, Ä‘á»Ÿ má»¥n nhiá»u. Káº¿t há»£p SRM tháº¥y da tráº¯ng khoáº» lÃªn. MÃ¬nh mua cÃ³ cáº£ ship mÃ  chá»‰ tá»‘n 85k cho 1 há»™p kem dÆ°á»¡ng bÃ¬nh dÃ¢n, thÃ nh pháº§n an toÃ n, káº¿t quáº£ tá»‘t nÃªn Ä‘Ã¡ng Ä‘á»ƒ thá»­. Chá»‰ nÃªn dÃ¹ng cho da há»—n há»£p thiÃªn dáº§u, da sau má»¥n, da háº¿t má»¥n cáº§n dÆ°á»¡ng tráº¯ng. CÃ³ AHA, BHA nÃªn sáº½ Ä‘áº©y má»¥n, báº¡n nÃ o dá»‹ á»©ng lÆ°u Ã½. Láº¦N Äáº¦U TIÃŠN DÃ™NG ÄÆ¯á»¢C ACNES hÆ¡n 5 thÃ¡ng vÃ  muá»‘n mua láº¡i, cÃ¡c dÃ²ng khÃ¡c mÃ¬nh ko há»£p láº¯m ?","['váº­n chuyá»ƒn', 'giÃ¡', 'Ä‘Ã³ng gÃ³i', 'dá»‹ch vá»¥', 'mÃ¹i hÆ°Æ¡ng', 'káº¿t cáº¥u', 'MÃ u sáº¯c']"
137,"ÄÃ¡nh giÃ¡ vá» táº©y trang Bioderma há»“ng nÃ y chá»‰ cÃ³ 1 tá»« thÃ´i lÃ  : QuÃ¡ tuyá»‡t vá»i, má»›i náº·n má»¥n xong mÃ  dÃ¹ng váº«n khÃ´ng kÃ­ch á»©ng gÃ¬ cáº£. ÄÃºng lÃ  táº©y trang quá»‘c dÃ¢n mÃ 
Nháº­n xÃ©t khi mua hÃ ng trÃªn Tiki : giao khÃ¡ nhanh, hÃ ng chuáº©n auth. LÃºc Ä‘Ã³ mua giÃ¡ 434.000 Ä‘ cá»§a nhÃ  cung cáº¥p Tá»« Háº£o Pharma. Chai nguyÃªn váº¹n, khÃ´ng rÃ² rá»‰, date xa. NÃ³i chung hÃ i lÃ²ng vá» sáº£n pháº©m vÃ  tráº£i nghiá»‡m trÃªn Tiki
MÃ¬nh cÅ©ng cÃ³ dÃ¹ng song song vá»›i táº©y trang Bioderma xanh lÃ¡. ThÆ°á»ng cÃ¡ch dÃ¹ng cá»§a mÃ¬nh nhÆ° sau :
Khi má»›i náº·n má»¥n hoáº·c vá»«a bá»‹ kÃ­ch á»©ng mÃ¬nh sáº½ dÃ¹ng mÃ u há»“ng 
CÃ²n bÃ¬nh thÆ°á»ng do da mÃ¬nh thuá»™c loáº¡i da dáº§u nhiá»u nÃªn dÃ¹ng mÃ u xanh lÃ¡ lÃ  chá»§ Ä‘áº¡o
MÃ u há»“ng nÃ y dÃ¹ng Ä‘Æ°á»£c cho cáº£ máº¯t vÃ  mÃ´i cÃ¡c báº¡n nhÃ©","['váº­n chuyá»ƒn', 'giÃ¡', 'dá»‹ch vá»¥', 'MÃ u sáº¯c']"
138,Æ¯ng cÃ¡i bá»¥ng gÃ¬ Ä‘Ã¢u. Son thÆ¡m mÃ¹i ngá»t lá»‹m nÃªn cÃ¡c báº¡n cÃ¢n nháº¯c nha. MÃ¬nh thÃ¬ thÃ­ch mÃ¹i Ä‘Ã o hÆ¡n. NÃ³i chung vá»›i giÃ¡ cáº£ nhÆ° nÃ y cho má»™t cÃ¢y son dÆ°á»¡ng lÃ  quÃ¡ oke rá»“i. CÃ²n hiá»‡u quáº£ vá» lÃ¢u vá» dÃ i thÃ¬ mÃ¬nh chÆ°a biáº¿t.,"['giÃ¡', 'mÃ¹i hÆ°Æ¡ng']"
139,"VÃ¬ láº§n Ä‘áº§u dÃ¹ng nÃªn tháº¥y nÆ°á»›c táº©y trang nÃ y khÃ¡ á»•n Ã¡p, giÃ¡ láº¡i háº¡t dáº» ná»¯a, táº©y sáº¡ch láº¯m nha, mÃ¹i thÃ¬ nháº¹ dá»‹u khÃ´ng quÃ¡ ná»“ng","['giÃ¡', 'mÃ¹i hÆ°Æ¡ng']"
140,sáº£n pháº©m tá»‘t cÃ³ mÃ¹i dá»… chá»‹u.nhÆ°ng khÃ¡ khÃ´ da sau khi rá»­a máº·t...................giÃ¡ cáº£ há»£p lÃ½.giao hÃ ng nhanh....,"['váº­n chuyá»ƒn', 'giÃ¡', 'mÃ¹i hÆ°Æ¡ng']"
141,"GiÃ¡ háº¡t dáº» mÃ  cháº¥t lÆ°á»£ng ok, mÃ¹i thÆ¡m nháº¹ dá»… chá»‹u, rá»­a sáº¡ch, tuy nhiÃªn hÆ¡i khÃ´, nÃªn dÃ¹ng thÃªm toner.","['giÃ¡', 'mÃ¹i hÆ°Æ¡ng']"
142,"VÃ´ cÃ¹ng Æ°ng mÃ¹i cá»§a nÆ°á»›c táº©y trang nÃ y. LÃºc mua Ä‘áº¯n Ä‘o nhÆ°ng khi láº¥y ra dÃ¹ng tá»« láº§n Ä‘áº§u tiÃªn Ä‘Ã£ mÃª em nÃ y. Ráº¥t lÃ  Æ°ng táº©y trang vÃ  sá»¯a rá»­a máº·t cá»§a hÃ£ng nÃ y. Dá»‹u nháº¹, mÃ¹i thÆ¡m dá»… chá»‹u, khÃ´ng gÃ¢y kÃ­ch á»©ng da. CÃ³ láº½ sáº½ gáº¯n bÃ³ dÃ i lÃ¢u vá»›i em nÃ³ Ä‘Ã¢y, máº·c dÃ¹ giÃ¡ hÆ¡i cao.","['giÃ¡', 'mÃ¹i hÆ°Æ¡ng', 'káº¿t cáº¥u']"
143,"má»›i nháº­n hÃ ng nÃ¨
hÃ ng vá» Ä‘Ã³ng gÃ³i OK láº¯m luÃ´n
cháº¥t kem tháº¥m khÃ¡ nhanh, mÃ¹i thÃ¬ khÃ¡ lÃ  hmmm.. cháº¯c sáº£n pháº©m khÃ´ng cÃ­ cháº¥t táº¡o hÆ°Æ¡ng nÃªn mÃ¹i nháº¹.
má»›i xÃ i nÃªn chÆ°a review Ä‘Æ°á»£c sau sáº½ quay láº¡i Ä‘Ã¡nh giÃ¡.","['giÃ¡', 'Ä‘Ã³ng gÃ³i', 'mÃ¹i hÆ°Æ¡ng', 'káº¿t cáº¥u']"
144,"HÃ ng Ä‘Ã³ng gÃ³i cáº©n tháº­n. Do dá»‹ch nÃªn giao hÃ ng hÆ¡i cháº­m hÆ¡n bÃ¬nh thÆ°á»ng má»™t xÃ­u. MÃ¬nh me em nÃ y tá»« lÃ¢u rá»“i, Ä‘Æ°á»£c báº¡n review ok ná»¯a nÃªn quyáº¿t Ä‘á»‹nh Ä‘áº·t. DÃ¹ng thá»­ láº§n Ä‘áº§u mÃ¬nh cáº£m tháº¥y gel tháº¥m nhanh, mÃ¹i hÆ°Æ¡ng nháº¹, thanh mÃ¡t. Hi vá»ng sáº£n pháº©m sáº½ phÃ¹ há»£p vá»›i mÃ¬nh. Mua Ä‘Æ°á»£c giÃ¡ khuyáº¿n mÃ£i nÃªn cáº£m tháº¥y vui láº¯m.","['váº­n chuyá»ƒn', 'giÃ¡', 'Ä‘Ã³ng gÃ³i', 'mÃ¹i hÆ°Æ¡ng', 'káº¿t cáº¥u']"
145,"sáº£n pháº©m cÃ³ mÃ¹i thÆ¡m, giÃ¡ tá»‘t, sá»­ dá»¥ng thoáº£i mÃ¡i, dá»… chá»‹u, ngÆ°á»i Viá»‡t dÃ¹ng hÃ ng Viá»‡t, báº£o vá»‡ mÃ´i trÆ°á»ng. Sáº½ á»§ng há»™ trong tÆ°Æ¡ng lai sau nÃ y. Mong hÃ£ng ngÃ y má»™t phÃ¡t triá»ƒn","['giÃ¡', 'mÃ¹i hÆ°Æ¡ng']"
146,"MÃ¹i dá»… chá»‹u, táº¡o bá»t má»¥n sáº¡ch da, ko cÄƒng da sau khi rá»­a xong, giÃ¡ cáº£ tá»‘t ráº», lÃ¢u láº¯m rá»“i má»›i khuyáº¿n mÃ£i váº­y, cáº£m Æ¡n tiki nhÃ©  hÃ¬nh áº£nh minh hoa Ä‘Æ°á»£c nhÃ©,","['giÃ¡', 'mÃ¹i hÆ°Æ¡ng', 'káº¿t cáº¥u']"
147,Cáº§n tg sá»­ dá»¥ng lÃ¢u mÃ­ tháº¥y káº¿t quáº£. MÃ¬nh bÃ´i ko nhiá»u ko Ä‘Ã¡nh giÃ¡ dc nhÆ°ng cÃ³ mÃ¹i dá»… chá»‹u. Gel vÃ ng trong. Tháº¥m tÆ°Æ¡g Ä‘á»‘i nhanh.,"['giÃ¡', 'mÃ¹i hÆ°Æ¡ng', 'káº¿t cáº¥u', 'MÃ u sáº¯c']"
148,Tiá»n nÃ o cá»§a náº¥y ğŸ¤ª LÃºc mua 340k thÃ¬ Ä‘áº·c nhÆ° serum vÃ  mÃ¹i thÆ¡m cam chanh. LÃºc mua â€œgiáº£m giÃ¡â€ 229k thÃ¬ loÃ£ng nhÆ° nÆ°á»›c vÃ  ráº¥t thÆ¡m mÃ¹i cá»“n. Cháº³ng biáº¿t Ä‘Ã¢u mÃ  phÃ¢n biá»‡t.,"['giÃ¡', 'mÃ¹i hÆ°Æ¡ng', 'káº¿t cáº¥u']"
149,"so dÃ¹ng khÃ¡ lÃ nh tÃ­nh vÃ  cÃ³ mÃ¹i dá»… chá»‹u 
giÃ¡ thÃ nh há»£p lÃ½ Ä‘Ã¡ng Ä‘á»ƒ lá»±ac chá»n","['giÃ¡', 'mÃ¹i hÆ°Æ¡ng']"
